// SPDX-License-Identifier: GPL-2.0
/*
 * GC13B0 driver
 *
 * Copyright (C) 2025 Rockchip Electronics Co., Ltd.
 *
 * V0.0X01.0X01 add first implementation.
 * V0.0X01.0X02 add support select sensor setting
 */

// #define DEBUG

#include <linux/clk.h>
#include <linux/device.h>
#include <linux/delay.h>
#include <linux/gpio/consumer.h>
#include <linux/i2c.h>
#include <linux/kernel.h>
#include <linux/module.h>
#include <linux/of_graph.h>
#include <linux/pm_runtime.h>
#include <linux/regulator/consumer.h>
#include <linux/sysfs.h>
#include <linux/slab.h>
#include <linux/version.h>
#include <linux/rk-camera-module.h>
#include <linux/rk-preisp.h>
#include <media/media-entity.h>
#include <media/v4l2-async.h>
#include <media/v4l2-ctrls.h>
#include <media/v4l2-subdev.h>
#include <linux/pinctrl/consumer.h>
#include <media/v4l2-fwnode.h>
#include "../platform/rockchip/isp/rkisp_tb_helper.h"
#include "cam-tb-setup.h"
#include "cam-sleep-wakeup.h"

#define DRIVER_VERSION			KERNEL_VERSION(0, 0x01, 0x02)

#ifndef V4L2_CID_DIGITAL_GAIN
#define V4L2_CID_DIGITAL_GAIN		V4L2_CID_GAIN
#endif

#define GC13B0_BITS_PER_SAMPLE		10
#define GC13B0_LINK_FREQ_FULL		1200000000	//2400Mbps
#define GC13B0_LINK_FREQ_376M		376000000	//752Mbps
#define GC13B0_LINK_FREQ_752M		752000000	//1504Mbps
#define GC13B0_LINK_FREQ_488M		488000000	//976Mbps

/* pixel rate = link frequency * 2 * lanes / BITS_PER_SAMPLE */
/* 4 lane */
#define GC13B0_PIXEL_RATE_FULL_4L	(GC13B0_LINK_FREQ_FULL / 10 * 4  * 2)
#define GC13B0_PIXEL_RATE_376M_4L	(GC13B0_LINK_FREQ_376M / 10 * 4  * 2)
#define GC13B0_PIXEL_RATE_752M_4L	(GC13B0_LINK_FREQ_752M / 10 * 4  * 2)
#define GC13B0_PIXEL_RATE_488M_4L	(GC13B0_LINK_FREQ_488M / 10 * 4  * 2)

/* 2 lane */
#define GC13B0_PIXEL_RATE_FULL_2L	(GC13B0_LINK_FREQ_FULL / 10 * 2  * 2)
#define GC13B0_PIXEL_RATE_376M_2L	(GC13B0_LINK_FREQ_376M / 10 * 2  * 2)
#define GC13B0_PIXEL_RATE_752M_2L	(GC13B0_LINK_FREQ_752M / 10 * 2  * 2)
#define GC13B0_PIXEL_RATE_488M_2L	(GC13B0_LINK_FREQ_488M / 10 * 2  * 2)

#define GC13B0_XVCLK_FREQ_24M		24000000

/* i2c 7bit addr: 0x4a*/
#define CHIP_ID				0x13b0
#define GC13B0_REG_CHIP_ID_H		0x03f0
#define GC13B0_REG_CHIP_ID_L		0x03f1

#define GC13B0_REG_CTRL_MODE		0x0100
#define GC13B0_MODE_SW_STANDBY		0x80
#define GC13B0_MODE_STREAMING		0x01

#define GC13B0_REG_SEXPOSURE_H		0x0200
#define GC13B0_REG_SEXPOSURE_L		0x0201
#define GC13B0_REG_EXPOSURE_H		0x0202
#define GC13B0_REG_EXPOSURE_L		0x0203
#define GC13B0_EXPOSURE_MIN		8
#define GC13B0_EXPOSURE_STEP		1
#define GC13B0_VTS_MAX			0x7fff

/* total gain */
#define GC13B0_REG_GAIN_H		0x0204
#define GC13B0_REG_GAIN_L		0x0205

/* digital gain */
#define GC13B0_REG_DGAIN_H		0x0275
#define GC13B0_REG_DGAIN_M		0x0276
#define GC13B0_REG_DGAIN_L		0x0277

#define GC13B0_AGAIN_MIN		0x400
#define GC13B0_AGAIN_MAX		0x4000 // 16 x 0x400
#define GC13B0_AGAIN_STEP		1
#define GC13B0_AGAIN_DEFAULT		0x400

#define GC13B0_REG_TEST_PATTERN		0x035d
#define GC13B0_TEST_PATTERN_BIT_MASK	BIT(0)
#define GC13B0_TEST_PATTERN_ENABLE	0x1
#define GC13B0_TEST_PATTERN_DISABLE	0x0

#define GC13B0_REG_TEST_TYPE		0x035e

#define GC13B0_REG_VTS_H		0x0340
#define GC13B0_REG_VTS_L		0x0341

#define GC13B0_REG_HTS_H		0x0342
#define GC13B0_REG_HTS_L		0x0343

#define GC13B0_FLIP_MIRROR_REG		0x0101
#define GC13B0_MIRROR_BIT_MASK		BIT(0)
#define GC13B0_FLIP_BIT_MASK		BIT(1)

#define REG_DELAY			0x0000
#define REG_NULL			0xFFFF

#define GC13B0_REG_VALUE_08BIT		1
#define GC13B0_REG_VALUE_16BIT		2
#define GC13B0_REG_VALUE_24BIT		3

#define OF_CAMERA_PINCTRL_STATE_DEFAULT	"rockchip,camera_default"
#define OF_CAMERA_PINCTRL_STATE_SLEEP	"rockchip,camera_sleep"
#define OF_CAMERA_HDR_MODE		"rockchip,camera-hdr-mode"
#define GC13B0_NAME			"gc13b0"

static const char *const gc13b0_supply_names[] = {
	"dovdd",	/* Digital I/O power */
	"dvdd",		/* Digital core power */
	"avdd",		/* Analog power */
};

#define GC13B0_NUM_SUPPLIES ARRAY_SIZE(gc13b0_supply_names)

struct regval {
	u16 addr;
	u8 val;
};

struct gc13b0_mode {
	u32 bus_fmt;
	u32 width;
	u32 height;
	struct v4l2_fract max_fps;
	u32 hts_def;
	u32 vts_def;
	u32 exp_def;
	const struct regval *global_reg_list;
	const struct regval *reg_list;
	u32 mclk;
	u32 link_freq_idx;
	u32 hdr_mode;
	u32 vc[PAD_MAX];
	u8 bpp;
	u32 lanes;
};

struct gc13b0 {
	struct i2c_client	*client;
	struct clk		*xvclk;
	struct gpio_desc	*reset_gpio;
	struct gpio_desc	*pwdn_gpio;
	struct gpio_desc	*pwren_gpio;
	struct regulator_bulk_data supplies[GC13B0_NUM_SUPPLIES];

	struct pinctrl		*pinctrl;
	struct pinctrl_state	*pins_default;
	struct pinctrl_state	*pins_sleep;

	struct v4l2_subdev	subdev;
	struct media_pad	pad;
	struct v4l2_ctrl_handler ctrl_handler;
	struct v4l2_ctrl	*exposure;
	struct v4l2_ctrl	*anal_gain;
	struct v4l2_ctrl	*digi_gain;
	struct v4l2_ctrl	*hblank;
	struct v4l2_ctrl	*vblank;
	struct v4l2_ctrl	*pixel_rate;
	struct v4l2_ctrl	*link_freq;
	struct v4l2_ctrl	*h_flip;
	struct v4l2_ctrl	*v_flip;
	struct v4l2_ctrl	*test_pattern;
	struct mutex		mutex;
	struct v4l2_fract	cur_fps;
	bool			streaming;
	bool			power_on;
	const struct gc13b0_mode *supported_modes;
	const struct gc13b0_mode *cur_mode;
	u32			cfg_num;
	u32			module_index;
	const char		*module_facing;
	const char		*module_name;
	const char		*len_name;
	u32			cur_vts;
	u32			cur_pixel_rate;
	u32			cur_link_freq;
	struct preisp_hdrae_exp_s init_hdrae_exp;
	struct cam_sw_info	*cam_sw_inf;
	bool			has_init_exp;
	bool			is_thunderboot;
	bool			is_first_streamoff;
	bool			is_standby;
	struct v4l2_fwnode_endpoint bus_cfg;
};

#define to_gc13b0(sd) container_of(sd, struct gc13b0, subdev)

/*
 * Xclk 24Mhz
 */
static const struct regval gc13b0_global_regs[] = {
	{REG_NULL, 0x00},
};

/*
 * Xclk 24Mhz
 * max_framerate 60fps
 * mipi_datarate per lane 752Mbps, 4lane
 * release_GC13B0_13M_MIPI_DPHY_4L_RAW10_2104x1560_60fps_20250319_setting.txt
 */
static const struct regval gc13b0_linear_10bit_2104x1560_60fps_4lane_regs[] = {
	{0x0315, 0xd7},
	{0x031c, 0xe0},
	{0x031a, 0x06},
	{0x0fe2, 0x17},
	{0x0f9b, 0xc9},
	{0x0900, 0x10},
	{0x0fbf, 0x36},
	{0x0fd2, 0x36},
	{0x0fc1, 0x04},
	{0x0fc2, 0x5f},
	{0x0fcb, 0x0c},
	{0x0fc4, 0x10},
	{0x0fc5, 0xb4},
	{0x0fd4, 0x21},
	{0x0fd5, 0x35},
	{0x0fdc, 0x01},
	{0x0fd6, 0x63},
	{0x0901, 0x00},
	{0x0fd3, 0x07},
	{0x0fc0, 0xb4},
	{0x0fc3, 0xb8},
	{0x0fcc, 0x1d},
	{0x0fcd, 0x1d},
	{0x0fde, 0x4a},
	{0x0fdf, 0x4a},
	{0x05a0, 0xc1},
	{0x0af4, 0x68},
	{0x0118, 0x51},
	{0x0101, 0x00},
	{0x0004, 0x06},
	{0x001f, 0x01},
	{0x0a67, 0x80},
	{0x0a70, 0x80},
	{0x0a66, 0x00},
	{0x0a74, 0x17},
	{0x0a68, 0x04},
	{0x0a4e, 0x40},
	{0x0a52, 0x0c},
	{0x0f08, 0x03},
	{0x0217, 0xf8},
	{0x0219, 0x95},
	{0x0225, 0x04},
	{0x0512, 0x00},
	{0x021f, 0x10},
	{0x022a, 0x00},
	{0x0255, 0x24},
	{0x0256, 0x0c},
	{0x0257, 0x78},
	{0x02b2, 0x0d},
	{0x0082, 0x37},
	{0x0f26, 0x10},
	{0x0f27, 0x10},
	{0x0ec0, 0x00},
	{0x0ec8, 0x02},
	{0x0ec9, 0x40},
	{0x0f9c, 0xe8},
	{0x0fc6, 0x10},
	{0x0f9a, 0x8c},
	{0x0f9e, 0x10},
	{0x0f9f, 0x12},
	{0x0fa0, 0x6b},
	{0x0fa1, 0x30},
	{0x0fa8, 0x15},
	{0x0faa, 0xd4},
	{0x0fb4, 0x04},
	{0x0fb8, 0x44},
	{0x0fba, 0x08},
	{0x0fbb, 0x07},
	{0x0fbd, 0x5d},
	{0x0fbe, 0x00},
	{0x0f98, 0x44},
	{0x0f99, 0x00},
	{0x0ed6, 0x02},
	{0x0e52, 0x20},
	{0x0e53, 0x40},
	{0x0e0f, 0x03},
	{0x0fca, 0x1b},
	{0x0e7c, 0x1a},
	{0x0e7d, 0x00},
	{0x0e7e, 0x62},
	{0x0e78, 0xff},
	{0x0f2e, 0x40},
	{0x0f5f, 0x00},
	{0x0f42, 0x97},
	{0x0f32, 0x01},
	{0x0f33, 0x2b},
	{0x0f34, 0x0b},
	{0x0f44, 0x0f},
	{0x0f4a, 0x50},
	{0x0f4b, 0x0d},
	{0x0f4d, 0x00},
	{0x0f4e, 0x18},
	{0x0070, 0x01},
	{0x0071, 0x81},
	{0x0072, 0x05},
	{0x0114, 0x02},
	{0x0182, 0x20},
	{0x0902, 0x03},
	{0x096a, 0xd9},
	{0x096b, 0x8f},
	{0x0190, 0x00},
	{0x0266, 0x03},
	{0x0af5, 0x10},
	{0x0b00, 0x17},
	{0x0b01, 0xe2},
	{0x0b02, 0x0f},
	{0x0b03, 0x00},
	{0x0b04, 0x1f},
	{0x0b05, 0x01},
	{0x0b06, 0x09},
	{0x0b07, 0x00},
	{0x0b08, 0x27},
	{0x0b09, 0xd3},
	{0x0b0a, 0x0f},
	{0x0b0b, 0x00},
	{0x0b0c, 0xb6},
	{0x0b0d, 0xc0},
	{0x0b0e, 0x0f},
	{0x0b0f, 0x00},
	{0x0b10, 0xba},
	{0x0b11, 0xc3},
	{0x0b12, 0x0f},
	{0x0b13, 0x00},
	{0x0b14, 0xc1},
	{0x0b15, 0x80},
	{0x0b16, 0x01},
	{0x0b17, 0x00},
	{0x0b18, 0x01},
	{0x0b19, 0x80},
	{0x0b1a, 0x01},
	{0x0b1b, 0x00},
	{0x0b1c, 0x00},
	{0x0b1d, 0xff},
	{0x0b1e, 0x7a},
	{0x0b1f, 0x00},
	{0x0b20, 0x00},
	{0x0b21, 0xff},
	{0x0b22, 0x7a},
	{0x0b23, 0x00},
	{0x0b24, 0x00},
	{0x0b25, 0xff},
	{0x0b26, 0x7a},
	{0x0b27, 0x00},
	{0x0b28, 0x80},
	{0x0b29, 0x1c},
	{0x0b2a, 0x03},
	{0x0b2b, 0x00},
	{0x0b2c, 0x10},
	{0x0b2d, 0xfe},
	{0x0b2e, 0x03},
	{0x0b2f, 0x00},
	{0x0b30, 0x00},
	{0x0b31, 0xfe},
	{0x0b32, 0x03},
	{0x0b33, 0x00},
	{0x0b34, 0x9b},
	{0x0b35, 0x1c},
	{0x0b36, 0x03},
	{0x0b37, 0x00},
	{0x0b38, 0x00},
	{0x0b39, 0xff},
	{0x0b3a, 0x7a},
	{0x0b3b, 0x00},
	{0x0b3c, 0x00},
	{0x0b3d, 0xff},
	{0x0b3e, 0x7a},
	{0x0b3f, 0x00},
	{0x0b40, 0x00},
	{0x0b41, 0xff},
	{0x0b42, 0x7a},
	{0x0b43, 0x00},
	{0x0b44, 0x80},
	{0x0b45, 0x1c},
	{0x0b46, 0x03},
	{0x0b47, 0x00},
	{0x0b48, 0x10},
	{0x0b49, 0xfe},
	{0x0b4a, 0x03},
	{0x0b4b, 0x00},
	{0x0b4c, 0x00},
	{0x0b4d, 0xfe},
	{0x0b4e, 0x03},
	{0x0b4f, 0x00},
	{0x0b50, 0x9b},
	{0x0b51, 0x1c},
	{0x0b52, 0x03},
	{0x0b53, 0x00},
	{0x0b54, 0x00},
	{0x0b55, 0xff},
	{0x0b56, 0x7a},
	{0x0b57, 0x00},
	{0x0b58, 0x00},
	{0x0b59, 0xff},
	{0x0b5a, 0x7a},
	{0x0b5b, 0x00},
	{0x0b5c, 0x00},
	{0x0b5d, 0xff},
	{0x0b5e, 0x7a},
	{0x0b5f, 0x00},
	{0x0b60, 0x00},
	{0x0b61, 0x83},
	{0x0b62, 0x00},
	{0x0b63, 0x00},
	{0x0b64, 0x0d},
	{0x0b65, 0x62},
	{0x0b66, 0x02},
	{0x0b67, 0x00},
	{0x0b68, 0x99},
	{0x0b69, 0x12},
	{0x0b6a, 0x01},
	{0x0b6b, 0x00},
	{0x0b6c, 0x1f},
	{0x0b6d, 0x81},
	{0x0b6e, 0x01},
	{0x0b6f, 0x00},
	{0x0b70, 0x10},
	{0x0b71, 0x84},
	{0x0b72, 0x01},
	{0x0b73, 0x00},
	{0x0b74, 0x01},
	{0x0b75, 0xb4},
	{0x0b76, 0x09},
	{0x0b77, 0x00},
	{0x0b78, 0x01},
	{0x0b79, 0x74},
	{0x0b7a, 0x09},
	{0x0b7b, 0x00},
	{0x0b7c, 0x01},
	{0x0b7d, 0x14},
	{0x0b7e, 0x09},
	{0x0b7f, 0x00},
	{0x0b80, 0x01},
	{0x0b81, 0x94},
	{0x0b82, 0x09},
	{0x0b83, 0x00},
	{0x0b84, 0x01},
	{0x0b85, 0x54},
	{0x0b86, 0x09},
	{0x0b87, 0x00},
	{0x0b88, 0x00},
	{0x0b89, 0xff},
	{0x0b8a, 0x7a},
	{0x0b8b, 0x00},
	{0x0b8c, 0x00},
	{0x0b8d, 0xff},
	{0x0b8e, 0x7a},
	{0x0b8f, 0x00},
	{0x0b90, 0x00},
	{0x0b91, 0xff},
	{0x0b92, 0x7a},
	{0x0b93, 0x00},
	{0x0b94, 0x09},
	{0x0b95, 0x12},
	{0x0b96, 0x01},
	{0x0b97, 0x00},
	{0x0b98, 0x00},
	{0x0b99, 0xff},
	{0x0b9a, 0x7a},
	{0x0b9b, 0x00},
	{0x0b9c, 0xe0},
	{0x0b9d, 0x1c},
	{0x0b9e, 0x03},
	{0x0b9f, 0x00},
	{0x0ba0, 0x00},
	{0x0ba1, 0xb4},
	{0x0ba2, 0x09},
	{0x0ba3, 0x00},
	{0x0ba4, 0x00},
	{0x0ba5, 0x74},
	{0x0ba6, 0x09},
	{0x0ba7, 0x00},
	{0x0ba8, 0x00},
	{0x0ba9, 0x14},
	{0x0baa, 0x09},
	{0x0bab, 0x00},
	{0x0bac, 0x00},
	{0x0bad, 0x94},
	{0x0bae, 0x09},
	{0x0baf, 0x00},
	{0x0bb0, 0x00},
	{0x0bb1, 0x54},
	{0x0bb2, 0x09},
	{0x0bb3, 0x00},
	{0x0bb4, 0x00},
	{0x0bb5, 0x84},
	{0x0bb6, 0x01},
	{0x0bb7, 0x00},
	{0x0bb8, 0x00},
	{0x0bb9, 0x81},
	{0x0bba, 0x01},
	{0x0bbb, 0x00},
	{0x0bbc, 0xb8},
	{0x0bbd, 0xc3},
	{0x0bbe, 0x0f},
	{0x0bbf, 0x00},
	{0x0bc0, 0xb4},
	{0x0bc1, 0xc0},
	{0x0bc2, 0x0f},
	{0x0bc3, 0x00},
	{0x0bc4, 0x07},
	{0x0bc5, 0xd3},
	{0x0bc6, 0x0f},
	{0x0bc7, 0x00},
	{0x0bc8, 0x00},
	{0x0bc9, 0x01},
	{0x0bca, 0x09},
	{0x0bcb, 0x00},
	{0x0bcc, 0x07},
	{0x0bcd, 0xe2},
	{0x0bce, 0x0f},
	{0x0bcf, 0x00},
	{0x0bd0, 0x02},
	{0x0bd1, 0x83},
	{0x0bd2, 0x00},
	{0x0bd3, 0x00},
	{0x0bd4, 0x09},
	{0x0bd5, 0x62},
	{0x0bd6, 0x02},
	{0x0bd7, 0x00},
	{0x0af5, 0x00},
	{0x0ae9, 0x22},
	{0x0aea, 0x36},
	{0x0ae8, 0x02},
	{0x0ae8, 0x04},
	{0x0315, 0xd3},
	{0x031c, 0xe0},
	{0x031a, 0x06},
	{0x0fe2, 0x17},
	{0x0f9b, 0xc9},
	{0x0900, 0x10},
	{0x0fbf, 0x36},
	{0x0fd2, 0x36},
	{0x0fc1, 0x00},
	{0x0fc2, 0x3f},
	{0x0fcb, 0x0c},
	{0x0fc4, 0x44},
	{0x0fc5, 0xb4},
	{0x0fd4, 0x20},
	{0x0fd5, 0xbc},
	{0x0fdc, 0x05},
	{0x0fd6, 0x23},
	{0x0901, 0x00},
	{0x0fd3, 0x07},
	{0x0fc0, 0xb0},
	{0x0fc3, 0xb0},
	{0x0511, 0x05},
	{0x0da1, 0x49},
	{0x0004, 0x06},
	{0x001f, 0x00},
	{0x0da2, 0x00},
	{0x0da3, 0x01},
	{0x04c0, 0x51},
	{0x04c1, 0x2a},
	{0x04c2, 0x00},
	{0x0ad2, 0x51},
	{0x0ad3, 0x01},
	{0x0ad0, 0x02},
	{0x0ad5, 0x02},
	{0x0ad6, 0x10},
	{0x0ad7, 0x90},
	{0x0ad8, 0x0c},
	{0x0ad9, 0x40},
	{0x0ada, 0x00},
	{0x0adb, 0x00},
	{0x0adc, 0x00},
	{0x0add, 0x00},
	{0x0aae, 0x00},
	{0x0aaf, 0xe0},
	{0x0ab2, 0x26},
	{0x0ab3, 0x78},
	{0x0ab6, 0x45},
	{0x0ab7, 0x40},
	{0x0aab, 0x45},
	{0x0aac, 0x88},
	{0x0aa9, 0x46},
	{0x0aaa, 0x20},
	{0x0aa6, 0x0a},
	{0x0aa7, 0x46},
	{0x0aa8, 0x98},
	{0x0ab0, 0x48},
	{0x0ab1, 0x90},
	{0x0a93, 0x44},
	{0x0a92, 0x40},
	{0x0a91, 0xf6},
	{0x0a90, 0xb7},
	{0x0a94, 0x80},
	{0x0f08, 0x03},
	{0x0f0a, 0x60},
	{0x0519, 0x06},
	{0x0247, 0x08},
	{0x0248, 0x08},
	{0x024c, 0x24},
	{0x0250, 0xf8},
	{0x0580, 0x4a},
	{0x0516, 0x0c},
	{0x0210, 0x20},
	{0x0212, 0x05},
	{0x0215, 0x04},
	{0x0218, 0x0c},
	{0x021a, 0x88},
	{0x021c, 0x0c},
	{0x021d, 0x68},
	{0x0220, 0x00},
	{0x0221, 0x02},
	{0x0222, 0x02},
	{0x0252, 0x03},
	{0x0253, 0x10},
	{0x02e6, 0x03},
	{0x02e7, 0x3a},
	{0x0f90, 0x00},
	{0x0f91, 0x14},
	{0x0f92, 0x08},
	{0x0f93, 0x5a},
	{0x0f94, 0x08},
	{0x0346, 0x00},
	{0x0347, 0x28},
	{0x0348, 0x10},
	{0x0349, 0x90},
	{0x034a, 0x0c},
	{0x034b, 0x40},
	{0x0226, 0x0c},
	{0x0227, 0xf0},
	{0x0340, 0x03},
	{0x0341, 0x7c},
	{0x0202, 0x03},
	{0x0203, 0x20},
	{0x0342, 0x03},
	{0x0343, 0x48},
	{0x024d, 0x01},
	{0x024e, 0x0f},
	{0x024f, 0x04},
	{0x0ec3, 0xff},
	{0x0ec4, 0x99},
	{0x0eca, 0x00},
	{0x0ecd, 0x00},
	{0x0e59, 0x00},
	{0x0fa7, 0x3f},
	{0x0fbc, 0xad},
	{0x0fc9, 0x60},
	{0x0fa9, 0x65},
	{0x0fab, 0x00},
	{0x0fe0, 0x00},
	{0x0e17, 0x20},
	{0x0e35, 0x20},
	{0x0e03, 0x00},
	{0x0e04, 0x40},
	{0x0e05, 0x00},
	{0x0e06, 0x20},
	{0x0e1b, 0x00},
	{0x0e1c, 0x42},
	{0x0fb3, 0xef},
	{0x0fb5, 0x31},
	{0x0fd0, 0x05},
	{0x0fd1, 0x1a},
	{0x0f6d, 0x0e},
	{0x0f9d, 0x1c},
	{0x0e0d, 0x36},
	{0x0e1e, 0x36},
	{0x0e72, 0x36},
	{0x0e73, 0x36},
	{0x0e0e, 0x1d},
	{0x0e1f, 0x00},
	{0x0e20, 0xc2},
	{0x0e2c, 0x00},
	{0x0e2d, 0xf8},
	{0x02d0, 0x01},
	{0x0f2f, 0x03},
	{0x0f38, 0x1f},
	{0x0106, 0x00},
	{0x0595, 0x09},
	{0x05a3, 0x09},
	{0x05a4, 0x0c},
	{0x0590, 0x00},
	{0x0591, 0x8c},
	{0x05a5, 0x00},
	{0x05a6, 0x00},
	{0x05a7, 0x10},
	{0x05ac, 0x00},
	{0x05ad, 0x01},
	{0x05ae, 0x00},
	{0x0800, 0x05},
	{0x0801, 0x06},
	{0x0802, 0x09},
	{0x0803, 0x0e},
	{0x0804, 0x14},
	{0x0805, 0x1c},
	{0x0806, 0x28},
	{0x0807, 0x39},
	{0x0808, 0x0e},
	{0x0809, 0x39},
	{0x080a, 0x0e},
	{0x080b, 0x3a},
	{0x080c, 0x0e},
	{0x080d, 0x70},
	{0x080e, 0x0e},
	{0x080f, 0x71},
	{0x0810, 0x0e},
	{0x0811, 0x0b},
	{0x0812, 0x0e},
	{0x0813, 0x1d},
	{0x0814, 0x0e},
	{0x0815, 0x51},
	{0x0816, 0x00},
	{0x0817, 0x00},
	{0x0818, 0x00},
	{0x0819, 0x00},
	{0x081a, 0x00},
	{0x081b, 0x00},
	{0x081c, 0x00},
	{0x081d, 0x00},
	{0x081e, 0x00},
	{0x081f, 0x00},
	{0x0820, 0x03},
	{0x0821, 0x18},
	{0x0822, 0x03},
	{0x0823, 0x18},
	{0x0824, 0x03},
	{0x0825, 0x03},
	{0x0826, 0x00},
	{0x0827, 0x00},
	{0x0828, 0x00},
	{0x0829, 0x00},
	{0x082a, 0x00},
	{0x082b, 0x00},
	{0x082c, 0x03},
	{0x082d, 0x14},
	{0x082e, 0x03},
	{0x082f, 0x14},
	{0x0830, 0x03},
	{0x0831, 0x03},
	{0x0832, 0x00},
	{0x0833, 0x00},
	{0x0834, 0x00},
	{0x0835, 0x00},
	{0x0836, 0x00},
	{0x0837, 0x00},
	{0x0838, 0x03},
	{0x0839, 0x10},
	{0x083a, 0x03},
	{0x083b, 0x10},
	{0x083c, 0x03},
	{0x083d, 0x03},
	{0x083e, 0x00},
	{0x083f, 0x00},
	{0x0840, 0x00},
	{0x0841, 0x00},
	{0x0842, 0x00},
	{0x0843, 0x00},
	{0x0844, 0x03},
	{0x0845, 0x0c},
	{0x0846, 0x03},
	{0x0847, 0x0c},
	{0x0848, 0x03},
	{0x0849, 0x03},
	{0x084a, 0x00},
	{0x084b, 0x00},
	{0x084c, 0x00},
	{0x084d, 0x00},
	{0x084e, 0x00},
	{0x084f, 0x00},
	{0x0850, 0x03},
	{0x0851, 0x07},
	{0x0852, 0x03},
	{0x0853, 0x07},
	{0x0854, 0x03},
	{0x0855, 0x03},
	{0x0856, 0x00},
	{0x0857, 0x00},
	{0x0858, 0x00},
	{0x0859, 0x00},
	{0x085a, 0x00},
	{0x085b, 0x00},
	{0x085c, 0x02},
	{0x085d, 0x20},
	{0x085e, 0x02},
	{0x085f, 0x20},
	{0x0860, 0x03},
	{0x0861, 0x03},
	{0x0862, 0x00},
	{0x0863, 0x00},
	{0x0864, 0x00},
	{0x0865, 0x00},
	{0x0866, 0x00},
	{0x0867, 0x00},
	{0x0868, 0x02},
	{0x0869, 0x1a},
	{0x086a, 0x02},
	{0x086b, 0x1a},
	{0x086c, 0x03},
	{0x086d, 0x03},
	{0x086e, 0x00},
	{0x086f, 0x00},
	{0x0870, 0x00},
	{0x0871, 0x00},
	{0x0872, 0x00},
	{0x0873, 0x00},
	{0x0874, 0x02},
	{0x0875, 0x12},
	{0x0876, 0x02},
	{0x0877, 0x12},
	{0x0878, 0x03},
	{0x0879, 0x03},
	{0x087a, 0x00},
	{0x087b, 0x00},
	{0x087c, 0x00},
	{0x087d, 0x00},
	{0x087e, 0x00},
	{0x087f, 0x00},
	{0x0880, 0x02},
	{0x0881, 0x0a},
	{0x0882, 0x02},
	{0x0883, 0x0a},
	{0x0884, 0x03},
	{0x0885, 0x03},
	{0x0886, 0x00},
	{0x0887, 0x00},
	{0x0888, 0x00},
	{0x0889, 0x00},
	{0x088a, 0x00},
	{0x088b, 0x00},
	{0x088c, 0x00},
	{0x088d, 0x00},
	{0x088e, 0x00},
	{0x088f, 0x00},
	{0x0890, 0x00},
	{0x0891, 0x00},
	{0x0892, 0x00},
	{0x0893, 0x00},
	{0x0894, 0x00},
	{0x0895, 0x01},
	{0x0896, 0x00},
	{0x0897, 0x00},
	{0x0898, 0x01},
	{0x0899, 0x01},
	{0x089a, 0x6b},
	{0x089b, 0x00},
	{0x089c, 0x02},
	{0x089d, 0x01},
	{0x089e, 0xfb},
	{0x089f, 0x00},
	{0x08a0, 0x03},
	{0x08a1, 0x02},
	{0x08a2, 0xd4},
	{0x08a3, 0x00},
	{0x08a4, 0x04},
	{0x08a5, 0x03},
	{0x08a6, 0xf5},
	{0x08a7, 0x00},
	{0x08a8, 0x05},
	{0x08a9, 0x05},
	{0x08aa, 0xb0},
	{0x08ab, 0x00},
	{0x08ac, 0x06},
	{0x08ad, 0x07},
	{0x08ae, 0xf6},
	{0x08af, 0x00},
	{0x08b0, 0x07},
	{0x08b1, 0x0b},
	{0x08b2, 0x30},
	{0x08b3, 0x80},
	{0x08b4, 0x06},
	{0x08b5, 0x0f},
	{0x08b6, 0x80},
	{0x08b7, 0x80},
	{0x08b8, 0x07},
	{0x05ac, 0x01},
	{0x0209, 0x01},
	{0x020a, 0x24},
	{0x0fa5, 0x00},
	{0x0204, 0x04},
	{0x0205, 0x00},
	{0x0d03, 0x00},
	{0x0d04, 0x76},
	{0x008b, 0x1b},
	{0x0040, 0x22},
	{0x0042, 0x01},
	{0x0030, 0x04},
	{0x0031, 0x0a},
	{0x0032, 0x00},
	{0x0033, 0x03},
	{0x0092, 0x06},
	{0x0093, 0x3c},
	{0x0058, 0x00},
	{0x0059, 0x00},
	{0x005a, 0x00},
	{0x005b, 0x00},
	{0x005c, 0x00},
	{0x005d, 0x00},
	{0x005e, 0x00},
	{0x005f, 0x00},
	{0x0074, 0x40},
	{0x0077, 0x00},
	{0x0073, 0xc1},
	{0x0016, 0x24},
	{0x0005, 0x0b},
	{0x0006, 0x18},
	{0x0007, 0x86},
	{0x0008, 0x3b},
	{0x0009, 0x00},
	{0x000c, 0x00},
	{0x000d, 0x95},
	{0x000e, 0x3f},
	{0x000f, 0x58},
	{0x0010, 0x6f},
	{0x0011, 0xb4},
	{0x0012, 0x64},
	{0x0013, 0x52},
	{0x0014, 0x1e},
	{0x0015, 0xd8},
	{0x0019, 0x02},
	{0x0da0, 0x0f},
	{0x04c2, 0x87},
	{0x04c3, 0x00},
	{0x04ca, 0x46},
	{0x04cb, 0x0f},
	{0x0430, 0x87},
	{0x0431, 0x08},
	{0x0432, 0x08},
	{0x0433, 0x10},
	{0x0434, 0x87},
	{0x0435, 0x0c},
	{0x0436, 0x16},
	{0x0437, 0x10},
	{0x0438, 0x83},
	{0x0439, 0x0e},
	{0x043a, 0x03},
	{0x043b, 0x10},
	{0x043c, 0x83},
	{0x043d, 0x12},
	{0x043e, 0x1a},
	{0x043f, 0x10},
	{0x0440, 0x63},
	{0x0441, 0x07},
	{0x0442, 0x18},
	{0x0443, 0x10},
	{0x0444, 0x63},
	{0x0445, 0x07},
	{0x0446, 0x18},
	{0x0447, 0x10},
	{0x0359, 0x00},
	{0x0351, 0x00},
	{0x0352, 0x04},
	{0x0353, 0x00},
	{0x0354, 0x08},
	{0x034c, 0x08},
	{0x034d, 0x38},
	{0x034e, 0x06},
	{0x034f, 0x18},
	{0x00c8, 0x00},
	{0x00c9, 0x10},
	{0x00ca, 0x00},
	{0x00cb, 0x18},
	{0x00cc, 0x0c},
	{0x00cd, 0x30},
	{0x00ce, 0x10},
	{0x00cf, 0x78},
	{0x00d8, 0x00},
	{0x00d9, 0x10},
	{0x00da, 0x00},
	{0x00db, 0x28},
	{0x00dc, 0x0c},
	{0x00dd, 0x30},
	{0x00de, 0x10},
	{0x00df, 0x68},
	{0x00c2, 0x03},
	{0x0110, 0x04},
	{0x0120, 0x10},
	{0x012c, 0x00},
	{0x012d, 0x0a},
	{0x0113, 0x02},
	{0x0119, 0x30},
	{0x011a, 0x30},
	{0x0128, 0x2b},
	{0x01a8, 0xff},
	{0x01a0, 0xff},
	{0x01a1, 0x05},
	{0x01a2, 0x07},
	{0x01a3, 0x1a},
	{0x01a4, 0x01},
	{0x01a5, 0x0d},
	{0x01a6, 0x0a},
	{0x01a7, 0x10},
	{0x01a9, 0x07},
	{0x01aa, 0x0b},
	{0x01ab, 0x07},
	{0x0aff, 0x00},
	{0x0aff, 0x00},
	{0x0aff, 0x00},
	{0x0aff, 0x00},
	{0x0aff, 0x00},
	{0x0aff, 0x00},
	{0x0aff, 0x00},
	{0x0aff, 0x00},
	{0x0aff, 0x00},
	{0x0aff, 0x00},
	{0x0aff, 0x00},
	{0x0aff, 0x00},
	{0x0aff, 0x00},
	{0x0aff, 0x00},
	{0x0aff, 0x00},
	{0x0aff, 0x00},
	{0x0aff, 0x00},
	{0x0aff, 0x00},
	{0x0aff, 0x00},
	{0x0aff, 0x00},
	{0x0aff, 0x00},
	{0x0aff, 0x00},
	{0x0aff, 0x00},
	{0x0aff, 0x00},
	{0x0aff, 0x00},
	{0x0aff, 0x00},
	{0x0aff, 0x00},
	{0x0aff, 0x00},
	{0x0aff, 0x00},
	{0x0aff, 0x00},
	{0x0aff, 0x00},
	{0x0aff, 0x00},
	{0x0aff, 0x00},
	{0x0aff, 0x00},
	{0x0aff, 0x00},
	{0x0aff, 0x00},
	{0x0aff, 0x00},
	{0x0aff, 0x00},
	{0x0aff, 0x00},
	{0x0aff, 0x00},
	{0x0aff, 0x00},
	{0x0aff, 0x00},
	{0x0aff, 0x00},
	{0x0aff, 0x00},
	{0x0aff, 0x00},
	{0x0aff, 0x00},
	{0x0aff, 0x00},
	{0x0aff, 0x00},
	{0x0aff, 0x00},
	{0x0aff, 0x00},
	{0x0aff, 0x00},
	{0x0aff, 0x00},
	{0x0aff, 0x00},
	{0x0aff, 0x00},
	{0x0aff, 0x00},
	{0x0aff, 0x00},
	{0x0aff, 0x00},
	{0x0aff, 0x00},
	{0x0aff, 0x00},
	{0x0aff, 0x00},
	{0x0aff, 0x00},
	{0x0aff, 0x00},
	{0x0aff, 0x00},
	{0x0aff, 0x00},
	{0x0aff, 0x00},
	{0x0aff, 0x00},
	{0x0aff, 0x00},
	{0x0aff, 0x00},
	{0x0aff, 0x00},
	{0x0aff, 0x00},
	{0x0aff, 0x00},
	{0x0aff, 0x00},
	{0x0aff, 0x00},
	{0x0aff, 0x00},
	{0x0aff, 0x00},
	{0x0aff, 0x00},
	{0x0aff, 0x00},
	{0x0aff, 0x00},
	{0x0aff, 0x00},
	{0x0aff, 0x00},
	{0x0aff, 0x00},
	{0x0aff, 0x00},
	{0x0aff, 0x00},
	{0x0aff, 0x00},
	{0x0aff, 0x00},
	{0x0aff, 0x00},
	{0x0aff, 0x00},
	{0x0aff, 0x00},
	{0x0aff, 0x00},
	{0x0aff, 0x00},
	{0x0aff, 0x00},
	{0x0aff, 0x00},
	{0x0aff, 0x00},
	{0x0aff, 0x00},
	{0x0aff, 0x00},
	{0x0aff, 0x00},
	{0x0aff, 0x00},
	{0x0aff, 0x00},
	{0x0aff, 0x00},
	{0x0aff, 0x00},
	{0x0aff, 0x00},
	{0x0aff, 0x00},
	{0x0aff, 0x00},
	{0x0aff, 0x00},
	{0x0aff, 0x00},
	{0x0aff, 0x00},
	{0x0aff, 0x00},
	{0x0aff, 0x00},
	{0x0aff, 0x00},
	{0x0aff, 0x00},
	{0x0aff, 0x00},
	{0x0aff, 0x00},
	{0x0aff, 0x00},
	{0x0aff, 0x00},
	{0x0aff, 0x00},
	{0x0aff, 0x00},
	{0x0aff, 0x00},
	{0x0aff, 0x00},
	{0x0aff, 0x00},
	{0x0aff, 0x00},
	{0x0aff, 0x00},
	{0x0aff, 0x00},
	{0x0aff, 0x00},
	{0x0aff, 0x00},
	{0x0aff, 0x00},
	{0x0aff, 0x00},
	{0x0aff, 0x00},
	{0x0aff, 0x00},
	{0x0aff, 0x00},
	{0x0aff, 0x00},
	{0x0aff, 0x00},
	{0x0aff, 0x00},
	{0x0aff, 0x00},
	{0x0aff, 0x00},
	{0x0aff, 0x00},
	{0x0aff, 0x00},
	{0x0aff, 0x00},
	{0x0aff, 0x00},
	{0x0aff, 0x00},
	{0x0aff, 0x00},
	{0x0aff, 0x00},
	{0x0aff, 0x00},
	{0x0aff, 0x00},
	{0x0aff, 0x00},
	{0x0aff, 0x00},
	{0x0aff, 0x00},
	{0x0aff, 0x00},
	{0x0aff, 0x00},
	{0x0aff, 0x00},
	{0x0aff, 0x00},
	{0x0a90, 0x41},
	{0x0a94, 0x80},
	{0x0aff, 0x00},
	{0x0aff, 0x00},
	{0x0aff, 0x00},
	{0x0aff, 0x00},
	{0x0aff, 0x00},
	{0x0aff, 0x00},
	{0x0aff, 0x00},
	{0x0aff, 0x00},
	{0x0aff, 0x00},
	{0x0aff, 0x00},
	{0x0aff, 0x00},
	{0x0aff, 0x00},
	{0x0a90, 0x00},
	{0x0314, 0x70},
	{0x0089, 0x02},
	{0x00bc, 0x03},
	{0x00bd, 0x00},
	{0x0ad0, 0x03},
	{0x0004, 0x07},
	{0x0da2, 0x01},
	{0x0080, 0x30},
	{0x0061, 0x40},
	{0x0084, 0x01},
	{REG_NULL, 0x00}
};

static const struct regval gc13b0_global_non_regs[] = {
	{REG_NULL, 0x00},
};

/*
 * Xclk 24Mhz
 * max_framerate 15fps
 * mipi_datarate per lane 752Mbps, 4lane
 * release_4208x3120_15fps noPD_752Mbps 20250324.txt
 */
static const struct regval __maybe_unused gc13b0_linear_10bit_4208x3120_15fps_4lane_regs[] = {
	{0x0315, 0xd7},
	{0x031c, 0xe0},
	{0x031a, 0x06},
	{0x0fe2, 0x17},
	{0x0f9b, 0xc9},
	{0x0900, 0x10},
	{0x0fbf, 0x36},
	{0x0fd2, 0x36},
	{0x0fc1, 0x04},
	{0x0fc2, 0x5f},
	{0x0fcb, 0x0c},
	{0x0fc4, 0x10},
	{0x0fc5, 0xb4},
	{0x0fd4, 0x21},
	{0x0fd5, 0x35},
	{0x0fdc, 0x01},
	{0x0fd6, 0x63},
	{0x0901, 0x00},
	{0x0fd3, 0x07},
	{0x0fc0, 0xb4},
	{0x0fc3, 0xb8},
	{0x0fcc, 0x1d},
	{0x0fcd, 0x1d},
	{0x0fde, 0x4a},
	{0x0fdf, 0x4a},
	{0x05a0, 0xc1},
	{0x0af4, 0x68},
	{0x0118, 0x51},
	{0x0101, 0x00},
	{0x0004, 0x06},
	{0x001f, 0x01},
	{0x0a67, 0x80},
	{0x0a70, 0x80},
	{0x0a66, 0x00},
	{0x0a74, 0x17},
	{0x0a68, 0x04},
	{0x0a4e, 0x40},
	{0x0a52, 0x0c},
	{0x0f08, 0x03},
	{0x0217, 0xf8},
	{0x0219, 0x95},
	{0x0225, 0x04},
	{0x0512, 0x00},
	{0x021f, 0x10},
	{0x022a, 0x00},
	{0x0255, 0x24},
	{0x0256, 0x0c},
	{0x0257, 0x78},
	{0x02b2, 0x0d},
	{0x0082, 0x37},
	{0x0f26, 0x10},
	{0x0f27, 0x10},
	{0x0ec0, 0x00},
	{0x0ec8, 0x02},
	{0x0ec9, 0x40},
	{0x0f9c, 0xe8},
	{0x0fc6, 0x10},
	{0x0f9a, 0x8c},
	{0x0f9e, 0x10},
	{0x0f9f, 0x12},
	{0x0fa0, 0x6b},
	{0x0fa1, 0x30},
	{0x0fa8, 0x15},
	{0x0faa, 0xd4},
	{0x0fb4, 0x04},
	{0x0fb8, 0x44},
	{0x0fba, 0x08},
	{0x0fbb, 0x07},
	{0x0fbd, 0x5d},
	{0x0fbe, 0x0f},
	{0x0f98, 0x44},
	{0x0f99, 0x00},
	{0x0ed6, 0x02},
	{0x0e52, 0x20},
	{0x0e53, 0x40},
	{0x0e0f, 0x03},
	{0x0fca, 0x1b},
	{0x0e7c, 0x1a},
	{0x0e7d, 0x00},
	{0x0e7e, 0x62},
	{0x0e78, 0xff},
	{0x0f2e, 0x40},
	{0x0f5f, 0x00},
	{0x0f42, 0x97},
	{0x0f32, 0x01},
	{0x0f33, 0x2b},
	{0x0f34, 0x0b},
	{0x0f44, 0x0f},
	{0x0f4a, 0x50},
	{0x0f4b, 0x0d},
	{0x0f4d, 0x00},
	{0x0f4e, 0x18},
	{0x0070, 0x01},
	{0x0071, 0x81},
	{0x0072, 0x05},
	{0x0114, 0x02},
	{0x0182, 0x20},
	{0x0902, 0x03},
	{0x096a, 0xd9},
	{0x096b, 0x8f},
	{0x0190, 0x00},
	{0x0266, 0x03},
	{0x0af5, 0x10},
	{0x0b00, 0x17},
	{0x0b01, 0xe2},
	{0x0b02, 0x0f},
	{0x0b03, 0x00},
	{0x0b04, 0x1f},
	{0x0b05, 0x01},
	{0x0b06, 0x09},
	{0x0b07, 0x00},
	{0x0b08, 0x27},
	{0x0b09, 0xd3},
	{0x0b0a, 0x0f},
	{0x0b0b, 0x00},
	{0x0b0c, 0xb6},
	{0x0b0d, 0xc0},
	{0x0b0e, 0x0f},
	{0x0b0f, 0x00},
	{0x0b10, 0xba},
	{0x0b11, 0xc3},
	{0x0b12, 0x0f},
	{0x0b13, 0x00},
	{0x0b14, 0xc1},
	{0x0b15, 0x80},
	{0x0b16, 0x01},
	{0x0b17, 0x00},
	{0x0b18, 0x01},
	{0x0b19, 0x80},
	{0x0b1a, 0x01},
	{0x0b1b, 0x00},
	{0x0b1c, 0x00},
	{0x0b1d, 0xff},
	{0x0b1e, 0x7a},
	{0x0b1f, 0x00},
	{0x0b20, 0x00},
	{0x0b21, 0xff},
	{0x0b22, 0x7a},
	{0x0b23, 0x00},
	{0x0b24, 0x00},
	{0x0b25, 0xff},
	{0x0b26, 0x7a},
	{0x0b27, 0x00},
	{0x0b28, 0x80},
	{0x0b29, 0x1c},
	{0x0b2a, 0x03},
	{0x0b2b, 0x00},
	{0x0b2c, 0x10},
	{0x0b2d, 0xfe},
	{0x0b2e, 0x03},
	{0x0b2f, 0x00},
	{0x0b30, 0x00},
	{0x0b31, 0xfe},
	{0x0b32, 0x03},
	{0x0b33, 0x00},
	{0x0b34, 0x9b},
	{0x0b35, 0x1c},
	{0x0b36, 0x03},
	{0x0b37, 0x00},
	{0x0b38, 0x00},
	{0x0b39, 0xff},
	{0x0b3a, 0x7a},
	{0x0b3b, 0x00},
	{0x0b3c, 0x00},
	{0x0b3d, 0xff},
	{0x0b3e, 0x7a},
	{0x0b3f, 0x00},
	{0x0b40, 0x00},
	{0x0b41, 0xff},
	{0x0b42, 0x7a},
	{0x0b43, 0x00},
	{0x0b44, 0x80},
	{0x0b45, 0x1c},
	{0x0b46, 0x03},
	{0x0b47, 0x00},
	{0x0b48, 0x10},
	{0x0b49, 0xfe},
	{0x0b4a, 0x03},
	{0x0b4b, 0x00},
	{0x0b4c, 0x00},
	{0x0b4d, 0xfe},
	{0x0b4e, 0x03},
	{0x0b4f, 0x00},
	{0x0b50, 0x9b},
	{0x0b51, 0x1c},
	{0x0b52, 0x03},
	{0x0b53, 0x00},
	{0x0b54, 0x00},
	{0x0b55, 0xff},
	{0x0b56, 0x7a},
	{0x0b57, 0x00},
	{0x0b58, 0x00},
	{0x0b59, 0xff},
	{0x0b5a, 0x7a},
	{0x0b5b, 0x00},
	{0x0b5c, 0x00},
	{0x0b5d, 0xff},
	{0x0b5e, 0x7a},
	{0x0b5f, 0x00},
	{0x0b60, 0x00},
	{0x0b61, 0x83},
	{0x0b62, 0x00},
	{0x0b63, 0x00},
	{0x0b64, 0x0d},
	{0x0b65, 0x62},
	{0x0b66, 0x02},
	{0x0b67, 0x00},
	{0x0b68, 0x99},
	{0x0b69, 0x12},
	{0x0b6a, 0x01},
	{0x0b6b, 0x00},
	{0x0b6c, 0x1f},
	{0x0b6d, 0x81},
	{0x0b6e, 0x01},
	{0x0b6f, 0x00},
	{0x0b70, 0x10},
	{0x0b71, 0x84},
	{0x0b72, 0x01},
	{0x0b73, 0x00},
	{0x0b74, 0x01},
	{0x0b75, 0xb4},
	{0x0b76, 0x09},
	{0x0b77, 0x00},
	{0x0b78, 0x01},
	{0x0b79, 0x74},
	{0x0b7a, 0x09},
	{0x0b7b, 0x00},
	{0x0b7c, 0x01},
	{0x0b7d, 0x14},
	{0x0b7e, 0x09},
	{0x0b7f, 0x00},
	{0x0b80, 0x01},
	{0x0b81, 0x94},
	{0x0b82, 0x09},
	{0x0b83, 0x00},
	{0x0b84, 0x01},
	{0x0b85, 0x54},
	{0x0b86, 0x09},
	{0x0b87, 0x00},
	{0x0b88, 0x00},
	{0x0b89, 0xff},
	{0x0b8a, 0x7a},
	{0x0b8b, 0x00},
	{0x0b8c, 0x00},
	{0x0b8d, 0xff},
	{0x0b8e, 0x7a},
	{0x0b8f, 0x00},
	{0x0b90, 0x00},
	{0x0b91, 0xff},
	{0x0b92, 0x7a},
	{0x0b93, 0x00},
	{0x0b94, 0x09},
	{0x0b95, 0x12},
	{0x0b96, 0x01},
	{0x0b97, 0x00},
	{0x0b98, 0x00},
	{0x0b99, 0xff},
	{0x0b9a, 0x7a},
	{0x0b9b, 0x00},
	{0x0b9c, 0xe0},
	{0x0b9d, 0x1c},
	{0x0b9e, 0x03},
	{0x0b9f, 0x00},
	{0x0ba0, 0x00},
	{0x0ba1, 0xb4},
	{0x0ba2, 0x09},
	{0x0ba3, 0x00},
	{0x0ba4, 0x00},
	{0x0ba5, 0x74},
	{0x0ba6, 0x09},
	{0x0ba7, 0x00},
	{0x0ba8, 0x00},
	{0x0ba9, 0x14},
	{0x0baa, 0x09},
	{0x0bab, 0x00},
	{0x0bac, 0x00},
	{0x0bad, 0x94},
	{0x0bae, 0x09},
	{0x0baf, 0x00},
	{0x0bb0, 0x00},
	{0x0bb1, 0x54},
	{0x0bb2, 0x09},
	{0x0bb3, 0x00},
	{0x0bb4, 0x00},
	{0x0bb5, 0x84},
	{0x0bb6, 0x01},
	{0x0bb7, 0x00},
	{0x0bb8, 0x00},
	{0x0bb9, 0x81},
	{0x0bba, 0x01},
	{0x0bbb, 0x00},
	{0x0bbc, 0xb8},
	{0x0bbd, 0xc3},
	{0x0bbe, 0x0f},
	{0x0bbf, 0x00},
	{0x0bc0, 0xb4},
	{0x0bc1, 0xc0},
	{0x0bc2, 0x0f},
	{0x0bc3, 0x00},
	{0x0bc4, 0x07},
	{0x0bc5, 0xd3},
	{0x0bc6, 0x0f},
	{0x0bc7, 0x00},
	{0x0bc8, 0x00},
	{0x0bc9, 0x01},
	{0x0bca, 0x09},
	{0x0bcb, 0x00},
	{0x0bcc, 0x07},
	{0x0bcd, 0xe2},
	{0x0bce, 0x0f},
	{0x0bcf, 0x00},
	{0x0bd0, 0x02},
	{0x0bd1, 0x83},
	{0x0bd2, 0x00},
	{0x0bd3, 0x00},
	{0x0bd4, 0x09},
	{0x0bd5, 0x62},
	{0x0bd6, 0x02},
	{0x0bd7, 0x00},
	{0x0af5, 0x00},
	{0x0ae9, 0x22},
	{0x0aea, 0x36},
	{0x0ae8, 0x02},
	{0x0ae8, 0x04},
	{0x0315, 0xd4},
	{0x031c, 0xe0},
	{0x031a, 0x06},
	{0x0fe2, 0x17},
	{0x0f9b, 0xc9},
	{0x0900, 0x10},
	{0x0fbf, 0x36},
	{0x0fd2, 0x36},
	{0x0fc1, 0x04},
	{0x0fc2, 0x59},
	{0x0fcb, 0x14},
	{0x0fc4, 0x00},
	{0x0fc5, 0x6f},
	{0x0fd4, 0x20},
	{0x0fd5, 0xbc},
	{0x0fdc, 0x01},
	{0x0fd6, 0x03},
	{0x0901, 0x00},
	{0x0fd3, 0x07},
	{0x0fc0, 0xb4},
	{0x0fc3, 0xb8},
	{0x0511, 0x85},
	{0x0da1, 0x49},
	{0x0004, 0x06},
	{0x001f, 0x00},
	{0x0da2, 0x00},
	{0x0da3, 0x01},
	{0x04c0, 0x51},
	{0x04c1, 0x2a},
	{0x04c2, 0x00},
	{0x0ad2, 0x51},
	{0x0ad3, 0x01},
	{0x0ad0, 0x02},
	{0x0ad5, 0x02},
	{0x0ad6, 0x10},
	{0x0ad7, 0x90},
	{0x0ad8, 0x0c},
	{0x0ad9, 0x40},
	{0x0ada, 0x00},
	{0x0adb, 0x00},
	{0x0adc, 0x00},
	{0x0add, 0x00},
	{0x0aae, 0x00},
	{0x0aaf, 0xe0},
	{0x0ab2, 0x26},
	{0x0ab3, 0x78},
	{0x0ab6, 0x45},
	{0x0ab7, 0x40},
	{0x0aab, 0x45},
	{0x0aac, 0x88},
	{0x0aa9, 0x46},
	{0x0aaa, 0x20},
	{0x0aa6, 0x0a},
	{0x0aa7, 0x46},
	{0x0aa8, 0x98},
	{0x0ab0, 0x48},
	{0x0ab1, 0x90},
	{0x0a93, 0x44},
	{0x0a92, 0x40},
	{0x0a91, 0xf6},
	{0x0a90, 0xf7},
	{0x0a94, 0x80},
	{0x0f08, 0x03},
	{0x0f0a, 0x60},
	{0x0519, 0x06},
	{0x0247, 0x20},
	{0x0248, 0x08},
	{0x024c, 0x24},
	{0x0250, 0xf8},
	{0x0580, 0x01},
	{0x0516, 0x0c},
	{0x0210, 0x90},
	{0x0212, 0x01},
	{0x0215, 0x04},
	{0x0218, 0x20},
	{0x021a, 0x99},
	{0x021c, 0x00},
	{0x021d, 0x10},
	{0x0220, 0x02},
	{0x0221, 0x04},
	{0x0222, 0x02},
	{0x0252, 0x03},
	{0x0253, 0x83},
	{0x02e6, 0x03},
	{0x02e7, 0x3a},
	{0x0f90, 0x00},
	{0x0f91, 0x14},
	{0x0f92, 0x08},
	{0x0f93, 0x5a},
	{0x0f94, 0x08},
	{0x0346, 0x00},
	{0x0347, 0x28},
	{0x0348, 0x10},
	{0x0349, 0x90},
	{0x034a, 0x0c},
	{0x034b, 0x40},
	{0x0226, 0x0c},
	{0x0227, 0xf0},
	{0x0340, 0x06},
	{0x0341, 0xb8},
	{0x0202, 0x06},
	{0x0203, 0x30},
	{0x0342, 0x08},
	{0x0343, 0x60},
	{0x024d, 0x01},
	{0x024e, 0x3f},
	{0x024f, 0x34},
	{0x0ec3, 0xff},
	{0x0ec4, 0x99},
	{0x0eca, 0x00},
	{0x0ecd, 0x00},
	{0x0e59, 0x00},
	{0x0fa7, 0x3f},
	{0x0fbc, 0xad},
	{0x0fc9, 0x60},
	{0x0fa9, 0x65},
	{0x0fab, 0x40},
	{0x0fe0, 0x07},
	{0x0e17, 0x20},
	{0x0e35, 0x20},
	{0x0e03, 0x00},
	{0x0e04, 0x48},
	{0x0e05, 0x00},
	{0x0e06, 0x30},
	{0x0e1b, 0x00},
	{0x0e1c, 0x50},
	{0x0fb3, 0xef},
	{0x0fb5, 0x31},
	{0x0fd0, 0x05},
	{0x0fd1, 0x1a},
	{0x0f6d, 0x0e},
	{0x0f9d, 0x1c},
	{0x0e0d, 0x36},
	{0x0e1e, 0x36},
	{0x0e72, 0x36},
	{0x0e73, 0x36},
	{0x0e0e, 0x1d},
	{0x0e1f, 0x00},
	{0x0e20, 0xc2},
	{0x0e2c, 0x00},
	{0x0e2d, 0xf8},
	{0x02d0, 0x01},
	{0x0f2f, 0x03},
	{0x0f38, 0x1f},
	{0x0106, 0x00},
	{0x0595, 0x09},
	{0x05a3, 0x09},
	{0x05a4, 0x0c},
	{0x0590, 0x00},
	{0x0591, 0x8c},
	{0x05a5, 0x00},
	{0x05a6, 0x00},
	{0x05a7, 0x10},
	{0x05ac, 0x00},
	{0x05ad, 0x01},
	{0x05ae, 0x00},
	{0x0800, 0x05},
	{0x0801, 0x06},
	{0x0802, 0x09},
	{0x0803, 0x0e},
	{0x0804, 0x14},
	{0x0805, 0x1c},
	{0x0806, 0x28},
	{0x0807, 0x39},
	{0x0808, 0x0e},
	{0x0809, 0x39},
	{0x080a, 0x0e},
	{0x080b, 0x3a},
	{0x080c, 0x0e},
	{0x080d, 0x70},
	{0x080e, 0x0e},
	{0x080f, 0x71},
	{0x0810, 0x0e},
	{0x0811, 0x0b},
	{0x0812, 0x0e},
	{0x0813, 0x1d},
	{0x0814, 0x0e},
	{0x0815, 0x51},
	{0x0816, 0x00},
	{0x0817, 0x00},
	{0x0818, 0x00},
	{0x0819, 0x00},
	{0x081a, 0x00},
	{0x081b, 0x00},
	{0x081c, 0x00},
	{0x081d, 0x00},
	{0x081e, 0x00},
	{0x081f, 0x00},
	{0x0820, 0x03},
	{0x0821, 0x13},
	{0x0822, 0x03},
	{0x0823, 0x13},
	{0x0824, 0x03},
	{0x0825, 0x03},
	{0x0826, 0x00},
	{0x0827, 0x00},
	{0x0828, 0x00},
	{0x0829, 0x00},
	{0x082a, 0x00},
	{0x082b, 0x00},
	{0x082c, 0x03},
	{0x082d, 0x10},
	{0x082e, 0x03},
	{0x082f, 0x10},
	{0x0830, 0x03},
	{0x0831, 0x03},
	{0x0832, 0x00},
	{0x0833, 0x00},
	{0x0834, 0x00},
	{0x0835, 0x00},
	{0x0836, 0x00},
	{0x0837, 0x00},
	{0x0838, 0x03},
	{0x0839, 0x0b},
	{0x083a, 0x03},
	{0x083b, 0x0b},
	{0x083c, 0x03},
	{0x083d, 0x03},
	{0x083e, 0x00},
	{0x083f, 0x00},
	{0x0840, 0x00},
	{0x0841, 0x00},
	{0x0842, 0x00},
	{0x0843, 0x00},
	{0x0844, 0x03},
	{0x0845, 0x06},
	{0x0846, 0x03},
	{0x0847, 0x06},
	{0x0848, 0x03},
	{0x0849, 0x03},
	{0x084a, 0x00},
	{0x084b, 0x00},
	{0x084c, 0x00},
	{0x084d, 0x00},
	{0x084e, 0x00},
	{0x084f, 0x00},
	{0x0850, 0x02},
	{0x0851, 0x20},
	{0x0852, 0x02},
	{0x0853, 0x20},
	{0x0854, 0x03},
	{0x0855, 0x03},
	{0x0856, 0x00},
	{0x0857, 0x00},
	{0x0858, 0x00},
	{0x0859, 0x00},
	{0x085a, 0x00},
	{0x085b, 0x00},
	{0x085c, 0x02},
	{0x085d, 0x19},
	{0x085e, 0x02},
	{0x085f, 0x19},
	{0x0860, 0x03},
	{0x0861, 0x03},
	{0x0862, 0x00},
	{0x0863, 0x00},
	{0x0864, 0x00},
	{0x0865, 0x00},
	{0x0866, 0x00},
	{0x0867, 0x00},
	{0x0868, 0x02},
	{0x0869, 0x12},
	{0x086a, 0x02},
	{0x086b, 0x12},
	{0x086c, 0x03},
	{0x086d, 0x03},
	{0x086e, 0x00},
	{0x086f, 0x00},
	{0x0870, 0x00},
	{0x0871, 0x00},
	{0x0872, 0x00},
	{0x0873, 0x00},
	{0x0874, 0x02},
	{0x0875, 0x09},
	{0x0876, 0x02},
	{0x0877, 0x09},
	{0x0878, 0x03},
	{0x0879, 0x03},
	{0x087a, 0x00},
	{0x087b, 0x00},
	{0x087c, 0x00},
	{0x087d, 0x00},
	{0x087e, 0x00},
	{0x087f, 0x00},
	{0x0880, 0x01},
	{0x0881, 0x1e},
	{0x0882, 0x01},
	{0x0883, 0x1e},
	{0x0884, 0x03},
	{0x0885, 0x03},
	{0x0886, 0x00},
	{0x0887, 0x00},
	{0x0888, 0x00},
	{0x0889, 0x00},
	{0x088a, 0x00},
	{0x088b, 0x00},
	{0x088c, 0x00},
	{0x088d, 0x00},
	{0x088e, 0x00},
	{0x088f, 0x00},
	{0x0890, 0x00},
	{0x0891, 0x00},
	{0x0892, 0x00},
	{0x0893, 0x00},
	{0x0894, 0x00},
	{0x0895, 0x01},
	{0x0896, 0x00},
	{0x0897, 0x00},
	{0x0898, 0x01},
	{0x0899, 0x01},
	{0x089a, 0x6b},
	{0x089b, 0x00},
	{0x089c, 0x02},
	{0x089d, 0x01},
	{0x089e, 0xfb},
	{0x089f, 0x00},
	{0x08a0, 0x03},
	{0x08a1, 0x02},
	{0x08a2, 0xd4},
	{0x08a3, 0x00},
	{0x08a4, 0x04},
	{0x08a5, 0x03},
	{0x08a6, 0xf5},
	{0x08a7, 0x00},
	{0x08a8, 0x05},
	{0x08a9, 0x05},
	{0x08aa, 0xb0},
	{0x08ab, 0x00},
	{0x08ac, 0x06},
	{0x08ad, 0x07},
	{0x08ae, 0xf6},
	{0x08af, 0x00},
	{0x08b0, 0x07},
	{0x08b1, 0x0b},
	{0x08b2, 0x30},
	{0x08b3, 0x80},
	{0x08b4, 0x06},
	{0x08b5, 0x0f},
	{0x08b6, 0x80},
	{0x08b7, 0x80},
	{0x08b8, 0x07},
	{0x05ac, 0x01},
	{0x0209, 0x01},
	{0x020a, 0x24},
	{0x0fa5, 0x00},
	{0x0204, 0x04},
	{0x0205, 0x00},
	{0x0d03, 0x00},
	{0x0d04, 0x76},
	{0x008b, 0x00},
	{0x0040, 0x22},
	{0x0042, 0x01},
	{0x0030, 0x04},
	{0x0031, 0x0b},
	{0x0032, 0x00},
	{0x0033, 0x01},
	{0x0092, 0x06},
	{0x0093, 0x3c},
	{0x0058, 0x00},
	{0x0059, 0x00},
	{0x005a, 0x00},
	{0x005b, 0x00},
	{0x005c, 0x00},
	{0x005d, 0x00},
	{0x005e, 0x00},
	{0x005f, 0x00},
	{0x0074, 0x40},
	{0x0077, 0x00},
	{0x0073, 0xc1},
	{0x0016, 0x24},
	{0x0005, 0x0b},
	{0x0006, 0x38},
	{0x0007, 0x08},
	{0x0008, 0x3b},
	{0x0009, 0x00},
	{0x000c, 0x00},
	{0x000d, 0xa5},
	{0x000e, 0x3f},
	{0x000f, 0x58},
	{0x0010, 0xdf},
	{0x0011, 0xb4},
	{0x0012, 0x64},
	{0x0013, 0x52},
	{0x0014, 0x1e},
	{0x0015, 0xd8},
	{0x0019, 0x04},
	{0x0da0, 0x0f},
	{0x04c2, 0x87},
	{0x04c3, 0x00},
	{0x04ca, 0x46},
	{0x04cb, 0x0f},
	{0x0430, 0x87},
	{0x0431, 0x08},
	{0x0432, 0x08},
	{0x0433, 0x10},
	{0x0434, 0x87},
	{0x0435, 0x0c},
	{0x0436, 0x16},
	{0x0437, 0x10},
	{0x0438, 0x83},
	{0x0439, 0x0e},
	{0x043a, 0x03},
	{0x043b, 0x10},
	{0x043c, 0x83},
	{0x043d, 0x12},
	{0x043e, 0x1a},
	{0x043f, 0x10},
	{0x0440, 0x63},
	{0x0441, 0x07},
	{0x0442, 0x18},
	{0x0443, 0x10},
	{0x0444, 0x63},
	{0x0445, 0x07},
	{0x0446, 0x18},
	{0x0447, 0x10},
	{0x0359, 0x00},
	{0x0351, 0x00},
	{0x0352, 0x08},
	{0x0353, 0x00},
	{0x0354, 0x10},
	{0x034c, 0x10},
	{0x034d, 0x70},
	{0x034e, 0x0c},
	{0x034f, 0x30},
	{0x00c8, 0x00},
	{0x00c9, 0x10},
	{0x00ca, 0x00},
	{0x00cb, 0x18},
	{0x00cc, 0x0c},
	{0x00cd, 0x30},
	{0x00ce, 0x10},
	{0x00cf, 0x78},
	{0x00d8, 0x00},
	{0x00d9, 0x10},
	{0x00da, 0x00},
	{0x00db, 0x28},
	{0x00dc, 0x0c},
	{0x00dd, 0x30},
	{0x00de, 0x10},
	{0x00df, 0x68},
	{0x00c1, 0x00},
	{0x00c2, 0x03},//23
	{0x0110, 0x04},//84
	{0x0117, 0x00},//20
	{0x0120, 0x10},//18
	{0x0123, 0x36},
	{0x0124, 0x36},
	{0x012a, 0x2b},
	{0x012b, 0x00},
	{0x012c, 0x80},//83
	{0x012d, 0x0a},//1a
	{0x012e, 0x08},
	{0x012f, 0x8a},
	{0x0113, 0x02},
	{0x0119, 0x05},
	{0x011a, 0x05},
	{0x0128, 0x2b},
	{0x01a8, 0xff},
	{0x01a0, 0xff},
	{0x01a1, 0x05},
	{0x01a2, 0x07},
	{0x01a3, 0x1a},
	{0x01a4, 0x01},
	{0x01a5, 0x0d},
	{0x01a6, 0x0a},
	{0x01a7, 0x70},
	{0x01a9, 0x07},
	{0x01aa, 0x0b},
	{0x01ab, 0x07},
	{0x0aff, 0x00},
	{0x0aff, 0x00},
	{0x0aff, 0x00},
	{0x0aff, 0x00},
	{0x0aff, 0x00},
	{0x0aff, 0x00},
	{0x0aff, 0x00},
	{0x0aff, 0x00},
	{0x0aff, 0x00},
	{0x0aff, 0x00},
	{0x0aff, 0x00},
	{0x0aff, 0x00},
	{0x0aff, 0x00},
	{0x0aff, 0x00},
	{0x0aff, 0x00},
	{0x0aff, 0x00},
	{0x0aff, 0x00},
	{0x0aff, 0x00},
	{0x0aff, 0x00},
	{0x0aff, 0x00},
	{0x0aff, 0x00},
	{0x0aff, 0x00},
	{0x0aff, 0x00},
	{0x0aff, 0x00},
	{0x0aff, 0x00},
	{0x0aff, 0x00},
	{0x0aff, 0x00},
	{0x0aff, 0x00},
	{0x0aff, 0x00},
	{0x0aff, 0x00},
	{0x0aff, 0x00},
	{0x0aff, 0x00},
	{0x0aff, 0x00},
	{0x0aff, 0x00},
	{0x0aff, 0x00},
	{0x0aff, 0x00},
	{0x0aff, 0x00},
	{0x0aff, 0x00},
	{0x0aff, 0x00},
	{0x0aff, 0x00},
	{0x0aff, 0x00},
	{0x0aff, 0x00},
	{0x0aff, 0x00},
	{0x0aff, 0x00},
	{0x0aff, 0x00},
	{0x0aff, 0x00},
	{0x0aff, 0x00},
	{0x0aff, 0x00},
	{0x0aff, 0x00},
	{0x0aff, 0x00},
	{0x0aff, 0x00},
	{0x0aff, 0x00},
	{0x0aff, 0x00},
	{0x0aff, 0x00},
	{0x0aff, 0x00},
	{0x0aff, 0x00},
	{0x0aff, 0x00},
	{0x0aff, 0x00},
	{0x0aff, 0x00},
	{0x0aff, 0x00},
	{0x0aff, 0x00},
	{0x0aff, 0x00},
	{0x0aff, 0x00},
	{0x0aff, 0x00},
	{0x0aff, 0x00},
	{0x0aff, 0x00},
	{0x0aff, 0x00},
	{0x0aff, 0x00},
	{0x0aff, 0x00},
	{0x0aff, 0x00},
	{0x0aff, 0x00},
	{0x0aff, 0x00},
	{0x0aff, 0x00},
	{0x0aff, 0x00},
	{0x0aff, 0x00},
	{0x0aff, 0x00},
	{0x0aff, 0x00},
	{0x0aff, 0x00},
	{0x0aff, 0x00},
	{0x0aff, 0x00},
	{0x0aff, 0x00},
	{0x0aff, 0x00},
	{0x0aff, 0x00},
	{0x0aff, 0x00},
	{0x0aff, 0x00},
	{0x0aff, 0x00},
	{0x0aff, 0x00},
	{0x0aff, 0x00},
	{0x0aff, 0x00},
	{0x0aff, 0x00},
	{0x0aff, 0x00},
	{0x0aff, 0x00},
	{0x0aff, 0x00},
	{0x0aff, 0x00},
	{0x0aff, 0x00},
	{0x0aff, 0x00},
	{0x0aff, 0x00},
	{0x0aff, 0x00},
	{0x0aff, 0x00},
	{0x0aff, 0x00},
	{0x0aff, 0x00},
	{0x0aff, 0x00},
	{0x0aff, 0x00},
	{0x0aff, 0x00},
	{0x0aff, 0x00},
	{0x0aff, 0x00},
	{0x0aff, 0x00},
	{0x0aff, 0x00},
	{0x0aff, 0x00},
	{0x0aff, 0x00},
	{0x0aff, 0x00},
	{0x0aff, 0x00},
	{0x0aff, 0x00},
	{0x0aff, 0x00},
	{0x0aff, 0x00},
	{0x0aff, 0x00},
	{0x0aff, 0x00},
	{0x0aff, 0x00},
	{0x0aff, 0x00},
	{0x0aff, 0x00},
	{0x0aff, 0x00},
	{0x0aff, 0x00},
	{0x0aff, 0x00},
	{0x0aff, 0x00},
	{0x0aff, 0x00},
	{0x0aff, 0x00},
	{0x0aff, 0x00},
	{0x0aff, 0x00},
	{0x0aff, 0x00},
	{0x0aff, 0x00},
	{0x0aff, 0x00},
	{0x0aff, 0x00},
	{0x0aff, 0x00},
	{0x0aff, 0x00},
	{0x0aff, 0x00},
	{0x0aff, 0x00},
	{0x0aff, 0x00},
	{0x0aff, 0x00},
	{0x0aff, 0x00},
	{0x0aff, 0x00},
	{0x0aff, 0x00},
	{0x0aff, 0x00},
	{0x0aff, 0x00},
	{0x0aff, 0x00},
	{0x0aff, 0x00},
	{0x0aff, 0x00},
	{0x0aff, 0x00},
	{0x0aff, 0x00},
	{0x0aff, 0x00},
	{0x0aff, 0x00},
	{0x0a90, 0x00},
	{0x0314, 0x70},
	{0x0089, 0x02},
	{0x00bc, 0x03},
	{0x00bd, 0x00},
	{0x0ad0, 0x03},
	{0x0004, 0x07},
	{0x0da2, 0x01},
	{0x0080, 0x30},
	{0x0061, 0x40},
	{0x0084, 0x01},
	{REG_NULL, 0x00}
};

/*
 * Xclk 24Mhz
 * max_framerate 25fps
 * mipi_datarate per lane 1504Mbps, 4lane
 * release_gc13b0_4208x3120_25fps_noPD_1504M_20250318.txt
 */
static const struct regval gc13b0_linear_10bit_4208x3120_25fps_4lane_regs[] = {
	{0x0315, 0xd7},
	{0x031c, 0xe0},
	{0x031a, 0x06},
	{0x0fe2, 0x17},
	{0x0f9b, 0xc9},
	{0x0900, 0x10},
	{0x0fbf, 0x36},
	{0x0fd2, 0x36},
	{0x0fc1, 0x04},
	{0x0fc2, 0x5f},
	{0x0fcb, 0x0c},
	{0x0fc4, 0x10},
	{0x0fc5, 0xb4},
	{0x0fd4, 0x21},
	{0x0fd5, 0x35},
	{0x0fdc, 0x01},
	{0x0fd6, 0x63},
	{0x0901, 0x00},
	{0x0fd3, 0x07},
	{0x0fc0, 0xb4},
	{0x0fc3, 0xb8},
	{0x0fcc, 0x1d},
	{0x0fcd, 0x1d},
	{0x0fde, 0x4a},
	{0x0fdf, 0x4a},
	{0x05a0, 0xc1},
	{0x0af4, 0x68},
	{0x0118, 0x51},
	{0x0101, 0x00},
	{0x0004, 0x06},
	{0x001f, 0x01},
	{0x0a67, 0x80},
	{0x0a70, 0x80},
	{0x0a66, 0x00},
	{0x0a74, 0x17},
	{0x0a68, 0x04},
	{0x0a4e, 0x40},
	{0x0a52, 0x0c},
	{0x0f08, 0x03},
	{0x0217, 0xf8},
	{0x0219, 0x85},
	{0x0225, 0x04},
	{0x0512, 0x00},
	{0x021f, 0x10},
	{0x022a, 0x00},
	{0x0255, 0x24},
	{0x0256, 0x0c},
	{0x0257, 0x78},
	{0x02b2, 0x0d},
	{0x0082, 0x37},
	{0x0f26, 0x10},
	{0x0f27, 0x10},
	{0x0ec0, 0x00},
	{0x0ec8, 0x02},
	{0x0ec9, 0x40},
	{0x0f9c, 0xe8},
	{0x0fc6, 0x10},
	{0x0f9a, 0x8c},
	{0x0f9e, 0x10},
	{0x0f9f, 0x12},
	{0x0fa0, 0x6b},
	{0x0fa1, 0x30},
	{0x0fa8, 0x15},
	{0x0faa, 0xd4},
	{0x0fb4, 0x04},
	{0x0fb8, 0x44},
	{0x0fba, 0x08},
	{0x0fbb, 0x07},
	{0x0fbd, 0x5d},
	{0x0fbe, 0x0f},
	{0x0f98, 0x44},
	{0x0f99, 0x00},
	{0x0ed6, 0x02},
	{0x0e52, 0x20},
	{0x0e53, 0x40},
	{0x0e0f, 0x03},
	{0x0fca, 0x1b},
	{0x0e7c, 0x1a},
	{0x0e7d, 0x00},
	{0x0e7e, 0x62},
	{0x0e78, 0xff},
	{0x0f2e, 0x40},
	{0x0f5f, 0x00},
	{0x0f42, 0x97},
	{0x0f32, 0x01},
	{0x0f33, 0x2b},
	{0x0f34, 0x0b},
	{0x0f44, 0x0f},
	{0x0f4a, 0x50},
	{0x0f4b, 0x0d},
	{0x0f4d, 0x00},
	{0x0f4e, 0x18},
	{0x0070, 0x01},
	{0x0071, 0x81},
	{0x0072, 0x05},
	{0x0114, 0x02},
	{0x0182, 0x20},
	{0x0902, 0x03},
	{0x096a, 0xd9},
	{0x096b, 0x8f},
	{0x0190, 0x00},
	{0x0266, 0x03},
	{0x0af5, 0x10},
	{0x0b00, 0x17},
	{0x0b01, 0xe2},
	{0x0b02, 0x0f},
	{0x0b03, 0x00},
	{0x0b04, 0x1f},
	{0x0b05, 0x01},
	{0x0b06, 0x09},
	{0x0b07, 0x00},
	{0x0b08, 0x27},
	{0x0b09, 0xd3},
	{0x0b0a, 0x0f},
	{0x0b0b, 0x00},
	{0x0b0c, 0xb6},
	{0x0b0d, 0xc0},
	{0x0b0e, 0x0f},
	{0x0b0f, 0x00},
	{0x0b10, 0xba},
	{0x0b11, 0xc3},
	{0x0b12, 0x0f},
	{0x0b13, 0x00},
	{0x0b14, 0xc1},
	{0x0b15, 0x80},
	{0x0b16, 0x01},
	{0x0b17, 0x00},
	{0x0b18, 0x01},
	{0x0b19, 0x80},
	{0x0b1a, 0x01},
	{0x0b1b, 0x00},
	{0x0b1c, 0x00},
	{0x0b1d, 0xff},
	{0x0b1e, 0x7a},
	{0x0b1f, 0x00},
	{0x0b20, 0x00},
	{0x0b21, 0xff},
	{0x0b22, 0x7a},
	{0x0b23, 0x00},
	{0x0b24, 0x00},
	{0x0b25, 0xff},
	{0x0b26, 0x7a},
	{0x0b27, 0x00},
	{0x0b28, 0x80},
	{0x0b29, 0x1c},
	{0x0b2a, 0x03},
	{0x0b2b, 0x00},
	{0x0b2c, 0x10},
	{0x0b2d, 0xfe},
	{0x0b2e, 0x03},
	{0x0b2f, 0x00},
	{0x0b30, 0x00},
	{0x0b31, 0xfe},
	{0x0b32, 0x03},
	{0x0b33, 0x00},
	{0x0b34, 0x9b},
	{0x0b35, 0x1c},
	{0x0b36, 0x03},
	{0x0b37, 0x00},
	{0x0b38, 0x00},
	{0x0b39, 0xff},
	{0x0b3a, 0x7a},
	{0x0b3b, 0x00},
	{0x0b3c, 0x00},
	{0x0b3d, 0xff},
	{0x0b3e, 0x7a},
	{0x0b3f, 0x00},
	{0x0b40, 0x00},
	{0x0b41, 0xff},
	{0x0b42, 0x7a},
	{0x0b43, 0x00},
	{0x0b44, 0x80},
	{0x0b45, 0x1c},
	{0x0b46, 0x03},
	{0x0b47, 0x00},
	{0x0b48, 0x10},
	{0x0b49, 0xfe},
	{0x0b4a, 0x03},
	{0x0b4b, 0x00},
	{0x0b4c, 0x00},
	{0x0b4d, 0xfe},
	{0x0b4e, 0x03},
	{0x0b4f, 0x00},
	{0x0b50, 0x9b},
	{0x0b51, 0x1c},
	{0x0b52, 0x03},
	{0x0b53, 0x00},
	{0x0b54, 0x00},
	{0x0b55, 0xff},
	{0x0b56, 0x7a},
	{0x0b57, 0x00},
	{0x0b58, 0x00},
	{0x0b59, 0xff},
	{0x0b5a, 0x7a},
	{0x0b5b, 0x00},
	{0x0b5c, 0x00},
	{0x0b5d, 0xff},
	{0x0b5e, 0x7a},
	{0x0b5f, 0x00},
	{0x0b60, 0x00},
	{0x0b61, 0x83},
	{0x0b62, 0x00},
	{0x0b63, 0x00},
	{0x0b64, 0x0d},
	{0x0b65, 0x62},
	{0x0b66, 0x02},
	{0x0b67, 0x00},
	{0x0b68, 0x99},
	{0x0b69, 0x12},
	{0x0b6a, 0x01},
	{0x0b6b, 0x00},
	{0x0b6c, 0x1f},
	{0x0b6d, 0x81},
	{0x0b6e, 0x01},
	{0x0b6f, 0x00},
	{0x0b70, 0x10},
	{0x0b71, 0x84},
	{0x0b72, 0x01},
	{0x0b73, 0x00},
	{0x0b74, 0x01},
	{0x0b75, 0xb4},
	{0x0b76, 0x09},
	{0x0b77, 0x00},
	{0x0b78, 0x01},
	{0x0b79, 0x74},
	{0x0b7a, 0x09},
	{0x0b7b, 0x00},
	{0x0b7c, 0x01},
	{0x0b7d, 0x14},
	{0x0b7e, 0x09},
	{0x0b7f, 0x00},
	{0x0b80, 0x01},
	{0x0b81, 0x94},
	{0x0b82, 0x09},
	{0x0b83, 0x00},
	{0x0b84, 0x01},
	{0x0b85, 0x54},
	{0x0b86, 0x09},
	{0x0b87, 0x00},
	{0x0b88, 0x00},
	{0x0b89, 0xff},
	{0x0b8a, 0x7a},
	{0x0b8b, 0x00},
	{0x0b8c, 0x00},
	{0x0b8d, 0xff},
	{0x0b8e, 0x7a},
	{0x0b8f, 0x00},
	{0x0b90, 0x00},
	{0x0b91, 0xff},
	{0x0b92, 0x7a},
	{0x0b93, 0x00},
	{0x0b94, 0x09},
	{0x0b95, 0x12},
	{0x0b96, 0x01},
	{0x0b97, 0x00},
	{0x0b98, 0x00},
	{0x0b99, 0xff},
	{0x0b9a, 0x7a},
	{0x0b9b, 0x00},
	{0x0b9c, 0xe0},
	{0x0b9d, 0x1c},
	{0x0b9e, 0x03},
	{0x0b9f, 0x00},
	{0x0ba0, 0x00},
	{0x0ba1, 0xb4},
	{0x0ba2, 0x09},
	{0x0ba3, 0x00},
	{0x0ba4, 0x00},
	{0x0ba5, 0x74},
	{0x0ba6, 0x09},
	{0x0ba7, 0x00},
	{0x0ba8, 0x00},
	{0x0ba9, 0x14},
	{0x0baa, 0x09},
	{0x0bab, 0x00},
	{0x0bac, 0x00},
	{0x0bad, 0x94},
	{0x0bae, 0x09},
	{0x0baf, 0x00},
	{0x0bb0, 0x00},
	{0x0bb1, 0x54},
	{0x0bb2, 0x09},
	{0x0bb3, 0x00},
	{0x0bb4, 0x00},
	{0x0bb5, 0x84},
	{0x0bb6, 0x01},
	{0x0bb7, 0x00},
	{0x0bb8, 0x00},
	{0x0bb9, 0x81},
	{0x0bba, 0x01},
	{0x0bbb, 0x00},
	{0x0bbc, 0xb8},
	{0x0bbd, 0xc3},
	{0x0bbe, 0x0f},
	{0x0bbf, 0x00},
	{0x0bc0, 0xb4},
	{0x0bc1, 0xc0},
	{0x0bc2, 0x0f},
	{0x0bc3, 0x00},
	{0x0bc4, 0x07},
	{0x0bc5, 0xd3},
	{0x0bc6, 0x0f},
	{0x0bc7, 0x00},
	{0x0bc8, 0x00},
	{0x0bc9, 0x01},
	{0x0bca, 0x09},
	{0x0bcb, 0x00},
	{0x0bcc, 0x07},
	{0x0bcd, 0xe2},
	{0x0bce, 0x0f},
	{0x0bcf, 0x00},
	{0x0bd0, 0x02},
	{0x0bd1, 0x83},
	{0x0bd2, 0x00},
	{0x0bd3, 0x00},
	{0x0bd4, 0x09},
	{0x0bd5, 0x62},
	{0x0bd6, 0x02},
	{0x0bd7, 0x00},
	{0x0af5, 0x00},
	{0x0ae9, 0x22},
	{0x0aea, 0x36},
	{0x0ae8, 0x02},
	{0x0ae8, 0x04},
	{0x0315, 0xd4},
	{0x031c, 0xe0},
	{0x031a, 0x06},
	{0x0fe2, 0x17},
	{0x0f9b, 0xc9},
	{0x0900, 0x10},
	{0x0fbf, 0x36},
	{0x0fd2, 0x36},
	{0x0fc1, 0x04},
	{0x0fc2, 0x59},
	{0x0fcb, 0x14},
	{0x0fc4, 0x00},
	{0x0fc5, 0x6f},
	{0x0fd4, 0x20},
	{0x0fd5, 0xbc},
	{0x0fdc, 0x01},
	{0x0fd6, 0x23},
	{0x0901, 0x00},
	{0x0fd3, 0x07},
	{0x0fc0, 0xb4},
	{0x0fc3, 0xb8},
	{0x0511, 0x85},
	{0x0da1, 0x49},
	{0x0004, 0x06},
	{0x001f, 0x00},
	{0x0da2, 0x00},
	{0x0da3, 0x01},
	{0x04c0, 0x51},
	{0x04c1, 0x2a},
	{0x04c2, 0x00},
	{0x0ad2, 0x51},
	{0x0ad3, 0x01},
	{0x0ad0, 0x02},
	{0x0ad5, 0x02},
	{0x0ad6, 0x10},
	{0x0ad7, 0x90},
	{0x0ad8, 0x0c},
	{0x0ad9, 0x40},
	{0x0ada, 0x00},
	{0x0adb, 0x00},
	{0x0adc, 0x00},
	{0x0add, 0x00},
	{0x0aae, 0x00},
	{0x0aaf, 0xe0},
	{0x0ab2, 0x26},
	{0x0ab3, 0x78},
	{0x0ab6, 0x45},
	{0x0ab7, 0x40},
	{0x0aab, 0x45},
	{0x0aac, 0x88},
	{0x0aa9, 0x46},
	{0x0aaa, 0x20},
	{0x0aa6, 0x0a},
	{0x0aa7, 0x46},
	{0x0aa8, 0x98},
	{0x0ab0, 0x48},
	{0x0ab1, 0x90},
	{0x0a93, 0x44},
	{0x0a92, 0x40},
	{0x0a91, 0xf6},
	{0x0a90, 0xf7},
	{0x0a94, 0x80},
	{0x0f08, 0x03},
	{0x0f0a, 0x60},
	{0x0519, 0x06},
	{0x0247, 0x20},
	{0x0248, 0x08},
	{0x024c, 0x24},
	{0x0250, 0xf8},
	{0x0580, 0x01},
	{0x0516, 0x0c},
	{0x0210, 0x90},
	{0x0212, 0x01},
	{0x0215, 0x04},
	{0x0218, 0x20},
	{0x021a, 0x99},
	{0x021c, 0x00},
	{0x021d, 0x10},
	{0x0220, 0x02},
	{0x0221, 0x04},
	{0x0222, 0x02},
	{0x0252, 0x03},
	{0x0253, 0x83},
	{0x02e6, 0x03},
	{0x02e7, 0x3a},
	{0x0f90, 0x00},
	{0x0f91, 0x14},
	{0x0f92, 0x08},
	{0x0f93, 0x5a},
	{0x0f94, 0x08},
	{0x0346, 0x00},
	{0x0347, 0x28},
	{0x0348, 0x10},
	{0x0349, 0x90},
	{0x034a, 0x0c},
	{0x034b, 0x40},
	{0x0226, 0x0f},
	{0x0227, 0xae},
	{0x0340, 0x10},
	{0x0341, 0x2e},
	{0x0202, 0x06},
	{0x0203, 0x30},
	{0x0342, 0x04},
	{0x0343, 0x30},
	{0x024d, 0x01},
	{0x024e, 0x3f},
	{0x024f, 0x34},
	{0x0ec3, 0xff},
	{0x0ec4, 0x99},
	{0x0eca, 0x00},
	{0x0ecd, 0x00},
	{0x0e59, 0x00},
	{0x0fa7, 0x3f},
	{0x0fbc, 0xad},
	{0x0fc9, 0x60},
	{0x0fa9, 0x65},
	{0x0fab, 0x40},
	{0x0fe0, 0x07},
	{0x0e17, 0x20},
	{0x0e35, 0x20},
	{0x0e03, 0x00},
	{0x0e04, 0x48},
	{0x0e05, 0x00},
	{0x0e06, 0x30},
	{0x0e1b, 0x00},
	{0x0e1c, 0x50},
	{0x0fb3, 0xef},
	{0x0fb5, 0x31},
	{0x0fd0, 0x05},
	{0x0fd1, 0x1a},
	{0x0f6d, 0x0e},
	{0x0f9d, 0x1c},
	{0x0e0d, 0x36},
	{0x0e1e, 0x36},
	{0x0e72, 0x36},
	{0x0e73, 0x36},
	{0x0e0e, 0x1d},
	{0x0e1f, 0x00},
	{0x0e20, 0xc2},
	{0x0e2c, 0x00},
	{0x0e2d, 0xf8},
	{0x02d0, 0x01},
	{0x0f2f, 0x03},
	{0x0f38, 0x1f},
	{0x0106, 0x00},
	{0x0595, 0x09},
	{0x05a3, 0x09},
	{0x05a4, 0x0c},
	{0x0590, 0x00},
	{0x0591, 0x8c},
	{0x05a5, 0x00},
	{0x05a6, 0x00},
	{0x05a7, 0x10},
	{0x05ac, 0x00},
	{0x05ad, 0x01},
	{0x05ae, 0x00},
	{0x0800, 0x05},
	{0x0801, 0x06},
	{0x0802, 0x09},
	{0x0803, 0x0e},
	{0x0804, 0x14},
	{0x0805, 0x1c},
	{0x0806, 0x28},
	{0x0807, 0x39},
	{0x0808, 0x0e},
	{0x0809, 0x39},
	{0x080a, 0x0e},
	{0x080b, 0x3a},
	{0x080c, 0x0e},
	{0x080d, 0x70},
	{0x080e, 0x0e},
	{0x080f, 0x71},
	{0x0810, 0x0e},
	{0x0811, 0x0b},
	{0x0812, 0x0e},
	{0x0813, 0x1d},
	{0x0814, 0x0e},
	{0x0815, 0x51},
	{0x0816, 0x00},
	{0x0817, 0x00},
	{0x0818, 0x00},
	{0x0819, 0x00},
	{0x081a, 0x00},
	{0x081b, 0x00},
	{0x081c, 0x00},
	{0x081d, 0x00},
	{0x081e, 0x00},
	{0x081f, 0x00},
	{0x0820, 0x03},
	{0x0821, 0x13},
	{0x0822, 0x03},
	{0x0823, 0x13},
	{0x0824, 0x03},
	{0x0825, 0x03},
	{0x0826, 0x00},
	{0x0827, 0x00},
	{0x0828, 0x00},
	{0x0829, 0x00},
	{0x082a, 0x00},
	{0x082b, 0x00},
	{0x082c, 0x03},
	{0x082d, 0x10},
	{0x082e, 0x03},
	{0x082f, 0x10},
	{0x0830, 0x03},
	{0x0831, 0x03},
	{0x0832, 0x00},
	{0x0833, 0x00},
	{0x0834, 0x00},
	{0x0835, 0x00},
	{0x0836, 0x00},
	{0x0837, 0x00},
	{0x0838, 0x03},
	{0x0839, 0x0b},
	{0x083a, 0x03},
	{0x083b, 0x0b},
	{0x083c, 0x03},
	{0x083d, 0x03},
	{0x083e, 0x00},
	{0x083f, 0x00},
	{0x0840, 0x00},
	{0x0841, 0x00},
	{0x0842, 0x00},
	{0x0843, 0x00},
	{0x0844, 0x03},
	{0x0845, 0x06},
	{0x0846, 0x03},
	{0x0847, 0x06},
	{0x0848, 0x03},
	{0x0849, 0x03},
	{0x084a, 0x00},
	{0x084b, 0x00},
	{0x084c, 0x00},
	{0x084d, 0x00},
	{0x084e, 0x00},
	{0x084f, 0x00},
	{0x0850, 0x02},
	{0x0851, 0x20},
	{0x0852, 0x02},
	{0x0853, 0x20},
	{0x0854, 0x03},
	{0x0855, 0x03},
	{0x0856, 0x00},
	{0x0857, 0x00},
	{0x0858, 0x00},
	{0x0859, 0x00},
	{0x085a, 0x00},
	{0x085b, 0x00},
	{0x085c, 0x02},
	{0x085d, 0x19},
	{0x085e, 0x02},
	{0x085f, 0x19},
	{0x0860, 0x03},
	{0x0861, 0x03},
	{0x0862, 0x00},
	{0x0863, 0x00},
	{0x0864, 0x00},
	{0x0865, 0x00},
	{0x0866, 0x00},
	{0x0867, 0x00},
	{0x0868, 0x02},
	{0x0869, 0x12},
	{0x086a, 0x02},
	{0x086b, 0x12},
	{0x086c, 0x03},
	{0x086d, 0x03},
	{0x086e, 0x00},
	{0x086f, 0x00},
	{0x0870, 0x00},
	{0x0871, 0x00},
	{0x0872, 0x00},
	{0x0873, 0x00},
	{0x0874, 0x02},
	{0x0875, 0x09},
	{0x0876, 0x02},
	{0x0877, 0x09},
	{0x0878, 0x03},
	{0x0879, 0x03},
	{0x087a, 0x00},
	{0x087b, 0x00},
	{0x087c, 0x00},
	{0x087d, 0x00},
	{0x087e, 0x00},
	{0x087f, 0x00},
	{0x0880, 0x01},
	{0x0881, 0x1e},
	{0x0882, 0x01},
	{0x0883, 0x1e},
	{0x0884, 0x03},
	{0x0885, 0x03},
	{0x0886, 0x00},
	{0x0887, 0x00},
	{0x0888, 0x00},
	{0x0889, 0x00},
	{0x088a, 0x00},
	{0x088b, 0x00},
	{0x088c, 0x00},
	{0x088d, 0x00},
	{0x088e, 0x00},
	{0x088f, 0x00},
	{0x0890, 0x00},
	{0x0891, 0x00},
	{0x0892, 0x00},
	{0x0893, 0x00},
	{0x0894, 0x00},
	{0x0895, 0x01},
	{0x0896, 0x00},
	{0x0897, 0x00},
	{0x0898, 0x01},
	{0x0899, 0x01},
	{0x089a, 0x6b},
	{0x089b, 0x00},
	{0x089c, 0x02},
	{0x089d, 0x01},
	{0x089e, 0xfb},
	{0x089f, 0x00},
	{0x08a0, 0x03},
	{0x08a1, 0x02},
	{0x08a2, 0xd4},
	{0x08a3, 0x00},
	{0x08a4, 0x04},
	{0x08a5, 0x03},
	{0x08a6, 0xf5},
	{0x08a7, 0x00},
	{0x08a8, 0x05},
	{0x08a9, 0x05},
	{0x08aa, 0xb0},
	{0x08ab, 0x00},
	{0x08ac, 0x06},
	{0x08ad, 0x07},
	{0x08ae, 0xf6},
	{0x08af, 0x00},
	{0x08b0, 0x07},
	{0x08b1, 0x0b},
	{0x08b2, 0x30},
	{0x08b3, 0x80},
	{0x08b4, 0x06},
	{0x08b5, 0x0f},
	{0x08b6, 0x80},
	{0x08b7, 0x80},
	{0x08b8, 0x07},
	{0x05ac, 0x01},
	{0x0209, 0x01},
	{0x020a, 0x24},
	{0x0fa5, 0x00},
	{0x0204, 0x04},
	{0x0205, 0x00},
	{0x0d03, 0x00},
	{0x0d04, 0x76},
	{0x008b, 0x00},
	{0x0040, 0x22},
	{0x0042, 0x01},
	{0x0030, 0x04},
	{0x0031, 0x0b},
	{0x0032, 0x00},
	{0x0033, 0x01},
	{0x0092, 0x06},
	{0x0093, 0x3c},
	{0x0058, 0x00},
	{0x0059, 0x00},
	{0x005a, 0x00},
	{0x005b, 0x00},
	{0x005c, 0x00},
	{0x005d, 0x00},
	{0x005e, 0x00},
	{0x005f, 0x00},
	{0x0074, 0x40},
	{0x0077, 0x00},
	{0x0073, 0xc1},
	{0x0016, 0x24},
	{0x0005, 0x0b},
	{0x0006, 0x38},
	{0x0007, 0x08},
	{0x0008, 0x3b},
	{0x0009, 0x00},
	{0x000c, 0x00},
	{0x000d, 0xa5},
	{0x000e, 0x3f},
	{0x000f, 0x58},
	{0x0010, 0xdf},
	{0x0011, 0xb4},
	{0x0012, 0x64},
	{0x0013, 0x52},
	{0x0014, 0x1e},
	{0x0015, 0xd8},
	{0x0019, 0x04},
	{0x0da0, 0x0f},
	{0x04c2, 0x87},
	{0x04c3, 0x00},
	{0x04ca, 0x46},
	{0x04cb, 0x0f},
	{0x0430, 0x87},
	{0x0431, 0x08},
	{0x0432, 0x08},
	{0x0433, 0x10},
	{0x0434, 0x87},
	{0x0435, 0x0c},
	{0x0436, 0x16},
	{0x0437, 0x10},
	{0x0438, 0x83},
	{0x0439, 0x0e},
	{0x043a, 0x03},
	{0x043b, 0x10},
	{0x043c, 0x83},
	{0x043d, 0x12},
	{0x043e, 0x1a},
	{0x043f, 0x10},
	{0x0440, 0x63},
	{0x0441, 0x07},
	{0x0442, 0x18},
	{0x0443, 0x10},
	{0x0444, 0x63},
	{0x0445, 0x07},
	{0x0446, 0x18},
	{0x0447, 0x10},
	{0x0359, 0x00},
	{0x0351, 0x00},
	{0x0352, 0x08},
	{0x0353, 0x00},
	{0x0354, 0x10},
	{0x034c, 0x10},
	{0x034d, 0x00},	//{0x034d, 0x70},
	{0x034e, 0x0c},
	{0x034f, 0x30},
	{0x00c8, 0x00},
	{0x00c9, 0x10},
	{0x00ca, 0x00},
	{0x00cb, 0x18},
	{0x00cc, 0x0c},
	{0x00cd, 0x30},
	{0x00ce, 0x10},
	{0x00cf, 0x78},
	{0x00d8, 0x00},
	{0x00d9, 0x10},
	{0x00da, 0x00},
	{0x00db, 0x28},
	{0x00dc, 0x0c},
	{0x00dd, 0x30},
	{0x00de, 0x10},
	{0x00df, 0x68},
	{0x00c1, 0x00},
	{0x00c2, 0x03}, //23
	{0x0110, 0x04}, //84
	{0x0117, 0x00}, //20
	{0x0120, 0x10}, //18
	{0x0123, 0x36},
	{0x0124, 0x36},
	{0x012a, 0x2b},
	{0x012b, 0x00},
	{0x012c, 0x80}, //83
	{0x012d, 0x0a}, //1a
	{0x012e, 0x08},
	{0x012f, 0x8a},
	{0x0113, 0x02},
	{0x0119, 0x48},
	{0x011a, 0x48},
	{0x0128, 0x2b},
	{0x01a8, 0xff},
	{0x01a0, 0xff},
	{0x01a1, 0x0b},
	{0x01a2, 0x10},
	{0x01a3, 0x36},
	{0x01a4, 0x01},
	{0x01a5, 0x28},
	{0x01a6, 0x0d},
	{0x01a7, 0x70},
	{0x01a9, 0x0f},
	{0x01aa, 0x18},
	{0x01ab, 0x0d},
	{0x0aff, 0x00},
	{0x0aff, 0x00},
	{0x0aff, 0x00},
	{0x0aff, 0x00},
	{0x0aff, 0x00},
	{0x0aff, 0x00},
	{0x0aff, 0x00},
	{0x0aff, 0x00},
	{0x0aff, 0x00},
	{0x0aff, 0x00},
	{0x0aff, 0x00},
	{0x0aff, 0x00},
	{0x0aff, 0x00},
	{0x0aff, 0x00},
	{0x0aff, 0x00},
	{0x0aff, 0x00},
	{0x0aff, 0x00},
	{0x0aff, 0x00},
	{0x0aff, 0x00},
	{0x0aff, 0x00},
	{0x0aff, 0x00},
	{0x0aff, 0x00},
	{0x0aff, 0x00},
	{0x0aff, 0x00},
	{0x0aff, 0x00},
	{0x0aff, 0x00},
	{0x0aff, 0x00},
	{0x0aff, 0x00},
	{0x0aff, 0x00},
	{0x0aff, 0x00},
	{0x0aff, 0x00},
	{0x0aff, 0x00},
	{0x0aff, 0x00},
	{0x0aff, 0x00},
	{0x0aff, 0x00},
	{0x0aff, 0x00},
	{0x0aff, 0x00},
	{0x0aff, 0x00},
	{0x0aff, 0x00},
	{0x0aff, 0x00},
	{0x0aff, 0x00},
	{0x0aff, 0x00},
	{0x0aff, 0x00},
	{0x0aff, 0x00},
	{0x0aff, 0x00},
	{0x0aff, 0x00},
	{0x0aff, 0x00},
	{0x0aff, 0x00},
	{0x0aff, 0x00},
	{0x0aff, 0x00},
	{0x0aff, 0x00},
	{0x0aff, 0x00},
	{0x0aff, 0x00},
	{0x0aff, 0x00},
	{0x0aff, 0x00},
	{0x0aff, 0x00},
	{0x0aff, 0x00},
	{0x0aff, 0x00},
	{0x0aff, 0x00},
	{0x0aff, 0x00},
	{0x0aff, 0x00},
	{0x0aff, 0x00},
	{0x0aff, 0x00},
	{0x0aff, 0x00},
	{0x0aff, 0x00},
	{0x0aff, 0x00},
	{0x0aff, 0x00},
	{0x0aff, 0x00},
	{0x0aff, 0x00},
	{0x0aff, 0x00},
	{0x0aff, 0x00},
	{0x0aff, 0x00},
	{0x0aff, 0x00},
	{0x0aff, 0x00},
	{0x0aff, 0x00},
	{0x0aff, 0x00},
	{0x0aff, 0x00},
	{0x0aff, 0x00},
	{0x0aff, 0x00},
	{0x0aff, 0x00},
	{0x0aff, 0x00},
	{0x0aff, 0x00},
	{0x0aff, 0x00},
	{0x0aff, 0x00},
	{0x0aff, 0x00},
	{0x0aff, 0x00},
	{0x0aff, 0x00},
	{0x0aff, 0x00},
	{0x0aff, 0x00},
	{0x0aff, 0x00},
	{0x0aff, 0x00},
	{0x0aff, 0x00},
	{0x0aff, 0x00},
	{0x0aff, 0x00},
	{0x0aff, 0x00},
	{0x0aff, 0x00},
	{0x0aff, 0x00},
	{0x0aff, 0x00},
	{0x0aff, 0x00},
	{0x0aff, 0x00},
	{0x0aff, 0x00},
	{0x0aff, 0x00},
	{0x0aff, 0x00},
	{0x0aff, 0x00},
	{0x0aff, 0x00},
	{0x0aff, 0x00},
	{0x0aff, 0x00},
	{0x0aff, 0x00},
	{0x0aff, 0x00},
	{0x0aff, 0x00},
	{0x0aff, 0x00},
	{0x0aff, 0x00},
	{0x0aff, 0x00},
	{0x0aff, 0x00},
	{0x0aff, 0x00},
	{0x0aff, 0x00},
	{0x0aff, 0x00},
	{0x0aff, 0x00},
	{0x0aff, 0x00},
	{0x0aff, 0x00},
	{0x0aff, 0x00},
	{0x0aff, 0x00},
	{0x0aff, 0x00},
	{0x0aff, 0x00},
	{0x0aff, 0x00},
	{0x0aff, 0x00},
	{0x0aff, 0x00},
	{0x0aff, 0x00},
	{0x0aff, 0x00},
	{0x0aff, 0x00},
	{0x0aff, 0x00},
	{0x0aff, 0x00},
	{0x0aff, 0x00},
	{0x0aff, 0x00},
	{0x0aff, 0x00},
	{0x0aff, 0x00},
	{0x0aff, 0x00},
	{0x0aff, 0x00},
	{0x0aff, 0x00},
	{0x0aff, 0x00},
	{0x0aff, 0x00},
	{0x0aff, 0x00},
	{0x0aff, 0x00},
	{0x0aff, 0x00},
	{0x0aff, 0x00},
	{0x0aff, 0x00},
	{0x0aff, 0x00},
	{0x0aff, 0x00},
	{0x0aff, 0x00},
	{0x0aff, 0x00},
	{0x0a90, 0x00},
	{0x0314, 0x70},
	{0x0089, 0x02},
	{0x00bc, 0x03},
	{0x00bd, 0x00},
	{0x0ad0, 0x03},
	{0x0004, 0x07},
	{0x0da2, 0x01},
	{0x0080, 0x30},
	{0x0061, 0x40},
	{0x0084, 0x01},
	{REG_NULL, 0x00}
};

/*
 * Xclk 24Mhz
 * max_framerate 25fps
 * mipi_datarate per lane 752Mbps, 4lane
 * release_gc13b0_2104x1560_25fps_752M_20250318.txt
 */
static const struct regval gc13b0_linear_10bit_2104x1560_25fps_4lane_regs[] = {
	{0x0315, 0xd7},
	{0x031c, 0xe0},
	{0x031a, 0x06},
	{0x0fe2, 0x17},
	{0x0f9b, 0xc9},
	{0x0900, 0x10},
	{0x0fbf, 0x36},
	{0x0fd2, 0x36},
	{0x0fc1, 0x04},
	{0x0fc2, 0x5f},
	{0x0fcb, 0x0c},
	{0x0fc4, 0x10},
	{0x0fc5, 0xb4},
	{0x0fd4, 0x21},
	{0x0fd5, 0x35},
	{0x0fdc, 0x01},
	{0x0fd6, 0x63},
	{0x0901, 0x00},
	{0x0fd3, 0x07},
	{0x0fc0, 0xb4},
	{0x0fc3, 0xb8},
	{0x0fcc, 0x1d},
	{0x0fcd, 0x1d},
	{0x0fde, 0x4a},
	{0x0fdf, 0x4a},
	{0x05a0, 0xc1},
	{0x0af4, 0x68},
	{0x0118, 0x51},
	{0x0101, 0x00},
	{0x0004, 0x06},
	{0x001f, 0x01},
	{0x0a67, 0x80},
	{0x0a70, 0x80},
	{0x0a66, 0x00},
	{0x0a74, 0x17},
	{0x0a68, 0x04},
	{0x0a4e, 0x40},
	{0x0a52, 0x0c},
	{0x0f08, 0x03},
	{0x0217, 0xf8},
	{0x0219, 0x85},
	{0x0225, 0x04},
	{0x0512, 0x00},
	{0x021f, 0x10},
	{0x022a, 0x00},
	{0x0255, 0x24},
	{0x0256, 0x0c},
	{0x0257, 0x78},
	{0x02b2, 0x0d},
	{0x0082, 0x37},
	{0x0f26, 0x10},
	{0x0f27, 0x10},
	{0x0ec0, 0x00},
	{0x0ec8, 0x02},
	{0x0ec9, 0x40},
	{0x0f9c, 0xe8},
	{0x0fc6, 0x10},
	{0x0f9a, 0x8c},
	{0x0f9e, 0x10},
	{0x0f9f, 0x12},
	{0x0fa0, 0x6b},
	{0x0fa1, 0x30},
	{0x0fa8, 0x15},
	{0x0faa, 0xd4},
	{0x0fb4, 0x04},
	{0x0fb8, 0x44},
	{0x0fba, 0x08},
	{0x0fbb, 0x07},
	{0x0fbd, 0x5d},
	{0x0fbe, 0x0f},
	{0x0f98, 0x44},
	{0x0f99, 0x00},
	{0x0ed6, 0x02},
	{0x0e52, 0x20},
	{0x0e53, 0x40},
	{0x0e0f, 0x03},
	{0x0fca, 0x1b},
	{0x0e7c, 0x1a},
	{0x0e7d, 0x00},
	{0x0e7e, 0x62},
	{0x0e78, 0xff},
	{0x0f2e, 0x40},
	{0x0f5f, 0x00},
	{0x0f42, 0x97},
	{0x0f32, 0x01},
	{0x0f33, 0x2b},
	{0x0f34, 0x0b},
	{0x0f44, 0x0f},
	{0x0f4a, 0x50},
	{0x0f4b, 0x0d},
	{0x0f4d, 0x00},
	{0x0f4e, 0x18},
	{0x0070, 0x01},
	{0x0071, 0x81},
	{0x0072, 0x05},
	{0x0114, 0x02},
	{0x0182, 0x20},
	{0x0902, 0x03},
	{0x096a, 0xd9},
	{0x096b, 0x8f},
	{0x0190, 0x00},
	{0x0266, 0x03},
	{0x0af5, 0x10},
	{0x0b00, 0x17},
	{0x0b01, 0xe2},
	{0x0b02, 0x0f},
	{0x0b03, 0x00},
	{0x0b04, 0x1f},
	{0x0b05, 0x01},
	{0x0b06, 0x09},
	{0x0b07, 0x00},
	{0x0b08, 0x27},
	{0x0b09, 0xd3},
	{0x0b0a, 0x0f},
	{0x0b0b, 0x00},
	{0x0b0c, 0xb6},
	{0x0b0d, 0xc0},
	{0x0b0e, 0x0f},
	{0x0b0f, 0x00},
	{0x0b10, 0xba},
	{0x0b11, 0xc3},
	{0x0b12, 0x0f},
	{0x0b13, 0x00},
	{0x0b14, 0xc1},
	{0x0b15, 0x80},
	{0x0b16, 0x01},
	{0x0b17, 0x00},
	{0x0b18, 0x01},
	{0x0b19, 0x80},
	{0x0b1a, 0x01},
	{0x0b1b, 0x00},
	{0x0b1c, 0x00},
	{0x0b1d, 0xff},
	{0x0b1e, 0x7a},
	{0x0b1f, 0x00},
	{0x0b20, 0x00},
	{0x0b21, 0xff},
	{0x0b22, 0x7a},
	{0x0b23, 0x00},
	{0x0b24, 0x00},
	{0x0b25, 0xff},
	{0x0b26, 0x7a},
	{0x0b27, 0x00},
	{0x0b28, 0x80},
	{0x0b29, 0x1c},
	{0x0b2a, 0x03},
	{0x0b2b, 0x00},
	{0x0b2c, 0x10},
	{0x0b2d, 0xfe},
	{0x0b2e, 0x03},
	{0x0b2f, 0x00},
	{0x0b30, 0x00},
	{0x0b31, 0xfe},
	{0x0b32, 0x03},
	{0x0b33, 0x00},
	{0x0b34, 0x9b},
	{0x0b35, 0x1c},
	{0x0b36, 0x03},
	{0x0b37, 0x00},
	{0x0b38, 0x00},
	{0x0b39, 0xff},
	{0x0b3a, 0x7a},
	{0x0b3b, 0x00},
	{0x0b3c, 0x00},
	{0x0b3d, 0xff},
	{0x0b3e, 0x7a},
	{0x0b3f, 0x00},
	{0x0b40, 0x00},
	{0x0b41, 0xff},
	{0x0b42, 0x7a},
	{0x0b43, 0x00},
	{0x0b44, 0x80},
	{0x0b45, 0x1c},
	{0x0b46, 0x03},
	{0x0b47, 0x00},
	{0x0b48, 0x10},
	{0x0b49, 0xfe},
	{0x0b4a, 0x03},
	{0x0b4b, 0x00},
	{0x0b4c, 0x00},
	{0x0b4d, 0xfe},
	{0x0b4e, 0x03},
	{0x0b4f, 0x00},
	{0x0b50, 0x9b},
	{0x0b51, 0x1c},
	{0x0b52, 0x03},
	{0x0b53, 0x00},
	{0x0b54, 0x00},
	{0x0b55, 0xff},
	{0x0b56, 0x7a},
	{0x0b57, 0x00},
	{0x0b58, 0x00},
	{0x0b59, 0xff},
	{0x0b5a, 0x7a},
	{0x0b5b, 0x00},
	{0x0b5c, 0x00},
	{0x0b5d, 0xff},
	{0x0b5e, 0x7a},
	{0x0b5f, 0x00},
	{0x0b60, 0x00},
	{0x0b61, 0x83},
	{0x0b62, 0x00},
	{0x0b63, 0x00},
	{0x0b64, 0x0d},
	{0x0b65, 0x62},
	{0x0b66, 0x02},
	{0x0b67, 0x00},
	{0x0b68, 0x99},
	{0x0b69, 0x12},
	{0x0b6a, 0x01},
	{0x0b6b, 0x00},
	{0x0b6c, 0x1f},
	{0x0b6d, 0x81},
	{0x0b6e, 0x01},
	{0x0b6f, 0x00},
	{0x0b70, 0x10},
	{0x0b71, 0x84},
	{0x0b72, 0x01},
	{0x0b73, 0x00},
	{0x0b74, 0x01},
	{0x0b75, 0xb4},
	{0x0b76, 0x09},
	{0x0b77, 0x00},
	{0x0b78, 0x01},
	{0x0b79, 0x74},
	{0x0b7a, 0x09},
	{0x0b7b, 0x00},
	{0x0b7c, 0x01},
	{0x0b7d, 0x14},
	{0x0b7e, 0x09},
	{0x0b7f, 0x00},
	{0x0b80, 0x01},
	{0x0b81, 0x94},
	{0x0b82, 0x09},
	{0x0b83, 0x00},
	{0x0b84, 0x01},
	{0x0b85, 0x54},
	{0x0b86, 0x09},
	{0x0b87, 0x00},
	{0x0b88, 0x00},
	{0x0b89, 0xff},
	{0x0b8a, 0x7a},
	{0x0b8b, 0x00},
	{0x0b8c, 0x00},
	{0x0b8d, 0xff},
	{0x0b8e, 0x7a},
	{0x0b8f, 0x00},
	{0x0b90, 0x00},
	{0x0b91, 0xff},
	{0x0b92, 0x7a},
	{0x0b93, 0x00},
	{0x0b94, 0x09},
	{0x0b95, 0x12},
	{0x0b96, 0x01},
	{0x0b97, 0x00},
	{0x0b98, 0x00},
	{0x0b99, 0xff},
	{0x0b9a, 0x7a},
	{0x0b9b, 0x00},
	{0x0b9c, 0xe0},
	{0x0b9d, 0x1c},
	{0x0b9e, 0x03},
	{0x0b9f, 0x00},
	{0x0ba0, 0x00},
	{0x0ba1, 0xb4},
	{0x0ba2, 0x09},
	{0x0ba3, 0x00},
	{0x0ba4, 0x00},
	{0x0ba5, 0x74},
	{0x0ba6, 0x09},
	{0x0ba7, 0x00},
	{0x0ba8, 0x00},
	{0x0ba9, 0x14},
	{0x0baa, 0x09},
	{0x0bab, 0x00},
	{0x0bac, 0x00},
	{0x0bad, 0x94},
	{0x0bae, 0x09},
	{0x0baf, 0x00},
	{0x0bb0, 0x00},
	{0x0bb1, 0x54},
	{0x0bb2, 0x09},
	{0x0bb3, 0x00},
	{0x0bb4, 0x00},
	{0x0bb5, 0x84},
	{0x0bb6, 0x01},
	{0x0bb7, 0x00},
	{0x0bb8, 0x00},
	{0x0bb9, 0x81},
	{0x0bba, 0x01},
	{0x0bbb, 0x00},
	{0x0bbc, 0xb8},
	{0x0bbd, 0xc3},
	{0x0bbe, 0x0f},
	{0x0bbf, 0x00},
	{0x0bc0, 0xb4},
	{0x0bc1, 0xc0},
	{0x0bc2, 0x0f},
	{0x0bc3, 0x00},
	{0x0bc4, 0x07},
	{0x0bc5, 0xd3},
	{0x0bc6, 0x0f},
	{0x0bc7, 0x00},
	{0x0bc8, 0x00},
	{0x0bc9, 0x01},
	{0x0bca, 0x09},
	{0x0bcb, 0x00},
	{0x0bcc, 0x07},
	{0x0bcd, 0xe2},
	{0x0bce, 0x0f},
	{0x0bcf, 0x00},
	{0x0bd0, 0x02},
	{0x0bd1, 0x83},
	{0x0bd2, 0x00},
	{0x0bd3, 0x00},
	{0x0bd4, 0x09},
	{0x0bd5, 0x62},
	{0x0bd6, 0x02},
	{0x0bd7, 0x00},
	{0x0af5, 0x00},
	{0x0ae9, 0x22},
	{0x0aea, 0x36},
	{0x0ae8, 0x02},
	{0x0ae8, 0x04},
	{0x0315, 0xd3},
	{0x031c, 0xe0},
	{0x031a, 0x06},
	{0x0fe2, 0x17},
	{0x0f9b, 0xc9},
	{0x0900, 0x10},
	{0x0fbf, 0x36},
	{0x0fd2, 0x36},
	{0x0fc1, 0x00},
	{0x0fc2, 0x3c},
	{0x0fcb, 0x0c},
	{0x0fc4, 0x44},
	{0x0fc5, 0xb4},
	{0x0fd4, 0x20},
	{0x0fd5, 0xbc},
	{0x0fdc, 0x05},
	{0x0fd6, 0x23},
	{0x0901, 0x00},
	{0x0fd3, 0x07},
	{0x0fc0, 0xb0},
	{0x0fc3, 0xb0},
	{0x0511, 0x05},
	{0x0da1, 0x49},
	{0x0004, 0x06},
	{0x001f, 0x00},
	{0x0da2, 0x00},
	{0x0da3, 0x01},
	{0x04c0, 0x51},
	{0x04c1, 0x2a},
	{0x04c2, 0x00},
	{0x0ad2, 0x51},
	{0x0ad3, 0x01},
	{0x0ad0, 0x02},
	{0x0ad5, 0x02},
	{0x0ad6, 0x10},
	{0x0ad7, 0x90},
	{0x0ad8, 0x0c},
	{0x0ad9, 0x40},
	{0x0ada, 0x00},
	{0x0adb, 0x00},
	{0x0adc, 0x00},
	{0x0add, 0x00},
	{0x0aae, 0x00},
	{0x0aaf, 0xe0},
	{0x0ab2, 0x26},
	{0x0ab3, 0x78},
	{0x0ab6, 0x45},
	{0x0ab7, 0x40},
	{0x0aab, 0x45},
	{0x0aac, 0x88},
	{0x0aa9, 0x46},
	{0x0aaa, 0x20},
	{0x0aa6, 0x0a},
	{0x0aa7, 0x46},
	{0x0aa8, 0x98},
	{0x0ab0, 0x48},
	{0x0ab1, 0x90},
	{0x0a93, 0x44},
	{0x0a92, 0x40},
	{0x0a91, 0xf6},
	{0x0a90, 0xf7},
	{0x0a94, 0x80},
	{0x0f08, 0x03},
	{0x0f0a, 0x60},
	{0x0519, 0x06},
	{0x0247, 0x10},
	{0x0248, 0x08},
	{0x024c, 0x24},
	{0x0250, 0xf8},
	{0x0580, 0x4a},
	{0x0516, 0x0c},
	{0x0210, 0x20},
	{0x0212, 0x05},
	{0x0215, 0x04},
	{0x0218, 0x0c},
	{0x021a, 0x88},
	{0x021c, 0x0c},
	{0x021d, 0x68},
	{0x0220, 0x00},
	{0x0221, 0x02},
	{0x0222, 0x02},
	{0x0252, 0x03},
	{0x0253, 0x10},
	{0x02e6, 0x03},
	{0x02e7, 0x3a},
	{0x0f90, 0x00},
	{0x0f91, 0x14},
	{0x0f92, 0x08},
	{0x0f93, 0x5a},
	{0x0f94, 0x08},
	{0x0346, 0x00},
	{0x0347, 0x28},
	{0x0348, 0x10},
	{0x0349, 0x90},
	{0x034a, 0x0c},
	{0x034b, 0x40},
	{0x0226, 0x0c},
	{0x0227, 0xf0},
	{0x0340, 0x10},
	{0x0341, 0xbe},
	{0x0202, 0x03},
	{0x0203, 0x20},
	{0x0342, 0x03},
	{0x0343, 0x48},
	{0x024d, 0x01},
	{0x024e, 0x0f},
	{0x024f, 0x04},
	{0x0ec3, 0xff},
	{0x0ec4, 0x99},
	{0x0eca, 0x00},
	{0x0ecd, 0x00},
	{0x0e59, 0x00},
	{0x0fa7, 0x3f},
	{0x0fbc, 0xad},
	{0x0fc9, 0x60},
	{0x0fa9, 0x65},
	{0x0fab, 0x00},
	{0x0fe0, 0x00},
	{0x0e17, 0x20},
	{0x0e35, 0x20},
	{0x0e03, 0x00},
	{0x0e04, 0x40},
	{0x0e05, 0x00},
	{0x0e06, 0x20},
	{0x0e1b, 0x00},
	{0x0e1c, 0x42},
	{0x0fb3, 0xef},
	{0x0fb5, 0x31},
	{0x0fd0, 0x05},
	{0x0fd1, 0x1a},
	{0x0f6d, 0x0e},
	{0x0f9d, 0x1c},
	{0x0e0d, 0x36},
	{0x0e1e, 0x36},
	{0x0e72, 0x36},
	{0x0e73, 0x36},
	{0x0e0e, 0x1d},
	{0x0e1f, 0x00},
	{0x0e20, 0xc2},
	{0x0e2c, 0x00},
	{0x0e2d, 0xf8},
	{0x02d0, 0x01},
	{0x0f2f, 0x03},
	{0x0f38, 0x1f},
	{0x0106, 0x00},
	{0x0595, 0x09},
	{0x05a3, 0x09},
	{0x05a4, 0x0c},
	{0x0590, 0x00},
	{0x0591, 0x8c},
	{0x05a5, 0x00},
	{0x05a6, 0x00},
	{0x05a7, 0x10},
	{0x05ac, 0x00},
	{0x05ad, 0x01},
	{0x05ae, 0x00},
	{0x0800, 0x05},
	{0x0801, 0x06},
	{0x0802, 0x09},
	{0x0803, 0x0e},
	{0x0804, 0x14},
	{0x0805, 0x1c},
	{0x0806, 0x28},
	{0x0807, 0x39},
	{0x0808, 0x0e},
	{0x0809, 0x39},
	{0x080a, 0x0e},
	{0x080b, 0x3a},
	{0x080c, 0x0e},
	{0x080d, 0x70},
	{0x080e, 0x0e},
	{0x080f, 0x71},
	{0x0810, 0x0e},
	{0x0811, 0x0b},
	{0x0812, 0x0e},
	{0x0813, 0x1d},
	{0x0814, 0x0e},
	{0x0815, 0x51},
	{0x0816, 0x00},
	{0x0817, 0x00},
	{0x0818, 0x00},
	{0x0819, 0x00},
	{0x081a, 0x00},
	{0x081b, 0x00},
	{0x081c, 0x00},
	{0x081d, 0x00},
	{0x081e, 0x00},
	{0x081f, 0x00},
	{0x0820, 0x03},
	{0x0821, 0x18},
	{0x0822, 0x03},
	{0x0823, 0x18},
	{0x0824, 0x03},
	{0x0825, 0x03},
	{0x0826, 0x00},
	{0x0827, 0x00},
	{0x0828, 0x00},
	{0x0829, 0x00},
	{0x082a, 0x00},
	{0x082b, 0x00},
	{0x082c, 0x03},
	{0x082d, 0x14},
	{0x082e, 0x03},
	{0x082f, 0x14},
	{0x0830, 0x03},
	{0x0831, 0x03},
	{0x0832, 0x00},
	{0x0833, 0x00},
	{0x0834, 0x00},
	{0x0835, 0x00},
	{0x0836, 0x00},
	{0x0837, 0x00},
	{0x0838, 0x03},
	{0x0839, 0x10},
	{0x083a, 0x03},
	{0x083b, 0x10},
	{0x083c, 0x03},
	{0x083d, 0x03},
	{0x083e, 0x00},
	{0x083f, 0x00},
	{0x0840, 0x00},
	{0x0841, 0x00},
	{0x0842, 0x00},
	{0x0843, 0x00},
	{0x0844, 0x03},
	{0x0845, 0x0c},
	{0x0846, 0x03},
	{0x0847, 0x0c},
	{0x0848, 0x03},
	{0x0849, 0x03},
	{0x084a, 0x00},
	{0x084b, 0x00},
	{0x084c, 0x00},
	{0x084d, 0x00},
	{0x084e, 0x00},
	{0x084f, 0x00},
	{0x0850, 0x03},
	{0x0851, 0x07},
	{0x0852, 0x03},
	{0x0853, 0x07},
	{0x0854, 0x03},
	{0x0855, 0x03},
	{0x0856, 0x00},
	{0x0857, 0x00},
	{0x0858, 0x00},
	{0x0859, 0x00},
	{0x085a, 0x00},
	{0x085b, 0x00},
	{0x085c, 0x02},
	{0x085d, 0x20},
	{0x085e, 0x02},
	{0x085f, 0x20},
	{0x0860, 0x03},
	{0x0861, 0x03},
	{0x0862, 0x00},
	{0x0863, 0x00},
	{0x0864, 0x00},
	{0x0865, 0x00},
	{0x0866, 0x00},
	{0x0867, 0x00},
	{0x0868, 0x02},
	{0x0869, 0x1a},
	{0x086a, 0x02},
	{0x086b, 0x1a},
	{0x086c, 0x03},
	{0x086d, 0x03},
	{0x086e, 0x00},
	{0x086f, 0x00},
	{0x0870, 0x00},
	{0x0871, 0x00},
	{0x0872, 0x00},
	{0x0873, 0x00},
	{0x0874, 0x02},
	{0x0875, 0x12},
	{0x0876, 0x02},
	{0x0877, 0x12},
	{0x0878, 0x03},
	{0x0879, 0x03},
	{0x087a, 0x00},
	{0x087b, 0x00},
	{0x087c, 0x00},
	{0x087d, 0x00},
	{0x087e, 0x00},
	{0x087f, 0x00},
	{0x0880, 0x02},
	{0x0881, 0x0a},
	{0x0882, 0x02},
	{0x0883, 0x0a},
	{0x0884, 0x03},
	{0x0885, 0x03},
	{0x0886, 0x00},
	{0x0887, 0x00},
	{0x0888, 0x00},
	{0x0889, 0x00},
	{0x088a, 0x00},
	{0x088b, 0x00},
	{0x088c, 0x00},
	{0x088d, 0x00},
	{0x088e, 0x00},
	{0x088f, 0x00},
	{0x0890, 0x00},
	{0x0891, 0x00},
	{0x0892, 0x00},
	{0x0893, 0x00},
	{0x0894, 0x00},
	{0x0895, 0x01},
	{0x0896, 0x00},
	{0x0897, 0x00},
	{0x0898, 0x01},
	{0x0899, 0x01},
	{0x089a, 0x6b},
	{0x089b, 0x00},
	{0x089c, 0x02},
	{0x089d, 0x01},
	{0x089e, 0xfb},
	{0x089f, 0x00},
	{0x08a0, 0x03},
	{0x08a1, 0x02},
	{0x08a2, 0xd4},
	{0x08a3, 0x00},
	{0x08a4, 0x04},
	{0x08a5, 0x03},
	{0x08a6, 0xf5},
	{0x08a7, 0x00},
	{0x08a8, 0x05},
	{0x08a9, 0x05},
	{0x08aa, 0xb0},
	{0x08ab, 0x00},
	{0x08ac, 0x06},
	{0x08ad, 0x07},
	{0x08ae, 0xf6},
	{0x08af, 0x00},
	{0x08b0, 0x07},
	{0x08b1, 0x0b},
	{0x08b2, 0x30},
	{0x08b3, 0x80},
	{0x08b4, 0x06},
	{0x08b5, 0x0f},
	{0x08b6, 0x80},
	{0x08b7, 0x80},
	{0x08b8, 0x07},
	{0x05ac, 0x01},
	{0x0209, 0x01},
	{0x020a, 0x24},
	{0x0fa5, 0x00},
	{0x0204, 0x04},
	{0x0205, 0x00},
	{0x0d03, 0x00},
	{0x0d04, 0x76},
	{0x008b, 0x1b},
	{0x0040, 0x22},
	{0x0042, 0x01},
	{0x0030, 0x04},
	{0x0031, 0x0a},
	{0x0032, 0x00},
	{0x0033, 0x03},
	{0x0092, 0x06},
	{0x0093, 0x3c},
	{0x0058, 0x00},
	{0x0059, 0x00},
	{0x005a, 0x00},
	{0x005b, 0x00},
	{0x005c, 0x00},
	{0x005d, 0x00},
	{0x005e, 0x00},
	{0x005f, 0x00},
	{0x0074, 0x40},
	{0x0077, 0x00},
	{0x0073, 0xc1},
	{0x0016, 0x24},
	{0x0005, 0x0b},
	{0x0006, 0x18},
	{0x0007, 0x86},
	{0x0008, 0x3b},
	{0x0009, 0x00},
	{0x000c, 0x00},
	{0x000d, 0x95},
	{0x000e, 0x3f},
	{0x000f, 0x58},
	{0x0010, 0x6f},
	{0x0011, 0xb4},
	{0x0012, 0x64},
	{0x0013, 0x52},
	{0x0014, 0x1e},
	{0x0015, 0xd8},
	{0x0019, 0x02},
	{0x0da0, 0x0f},
	{0x04c2, 0x87},
	{0x04c3, 0x00},
	{0x04ca, 0x46},
	{0x04cb, 0x0f},
	{0x0430, 0x87},
	{0x0431, 0x08},
	{0x0432, 0x08},
	{0x0433, 0x10},
	{0x0434, 0x87},
	{0x0435, 0x0c},
	{0x0436, 0x16},
	{0x0437, 0x10},
	{0x0438, 0x83},
	{0x0439, 0x0e},
	{0x043a, 0x03},
	{0x043b, 0x10},
	{0x043c, 0x83},
	{0x043d, 0x12},
	{0x043e, 0x1a},
	{0x043f, 0x10},
	{0x0440, 0x63},
	{0x0441, 0x07},
	{0x0442, 0x18},
	{0x0443, 0x10},
	{0x0444, 0x63},
	{0x0445, 0x07},
	{0x0446, 0x18},
	{0x0447, 0x10},
	{0x0359, 0x00},
	{0x0351, 0x00},
	{0x0352, 0x04},
	{0x0353, 0x00},
	{0x0354, 0x08},
	{0x034c, 0x08},
	{0x034d, 0x38},
	{0x034e, 0x06},
	{0x034f, 0x18},
	{0x00c8, 0x00},
	{0x00c9, 0x10},
	{0x00ca, 0x00},
	{0x00cb, 0x18},
	{0x00cc, 0x0c},
	{0x00cd, 0x30},
	{0x00ce, 0x10},
	{0x00cf, 0x78},
	{0x00d8, 0x00},
	{0x00d9, 0x10},
	{0x00da, 0x00},
	{0x00db, 0x28},
	{0x00dc, 0x0c},
	{0x00dd, 0x30},
	{0x00de, 0x10},
	{0x00df, 0x68},
	{0x00c2, 0x03},
	{0x0110, 0x04},
	{0x0120, 0x10},
	{0x012c, 0x00},
	{0x012d, 0x0a},
	{0x0113, 0x02},
	{0x0119, 0x20},
	{0x011a, 0x20},
	{0x0128, 0x2b},
	{0x01a8, 0xff},
	{0x01a0, 0xff},
	{0x01a1, 0x05},
	{0x01a2, 0x07},
	{0x01a3, 0x1a},
	{0x01a4, 0x01},
	{0x01a5, 0x0d},
	{0x01a6, 0x0a},
	{0x01a7, 0x10},
	{0x01a9, 0x07},
	{0x01aa, 0x0b},
	{0x01ab, 0x07},
	{0x0aff, 0x00},
	{0x0aff, 0x00},
	{0x0aff, 0x00},
	{0x0aff, 0x00},
	{0x0aff, 0x00},
	{0x0aff, 0x00},
	{0x0aff, 0x00},
	{0x0aff, 0x00},
	{0x0aff, 0x00},
	{0x0aff, 0x00},
	{0x0aff, 0x00},
	{0x0aff, 0x00},
	{0x0aff, 0x00},
	{0x0aff, 0x00},
	{0x0aff, 0x00},
	{0x0aff, 0x00},
	{0x0aff, 0x00},
	{0x0aff, 0x00},
	{0x0aff, 0x00},
	{0x0aff, 0x00},
	{0x0aff, 0x00},
	{0x0aff, 0x00},
	{0x0aff, 0x00},
	{0x0aff, 0x00},
	{0x0aff, 0x00},
	{0x0aff, 0x00},
	{0x0aff, 0x00},
	{0x0aff, 0x00},
	{0x0aff, 0x00},
	{0x0aff, 0x00},
	{0x0aff, 0x00},
	{0x0aff, 0x00},
	{0x0aff, 0x00},
	{0x0aff, 0x00},
	{0x0aff, 0x00},
	{0x0aff, 0x00},
	{0x0aff, 0x00},
	{0x0aff, 0x00},
	{0x0aff, 0x00},
	{0x0aff, 0x00},
	{0x0aff, 0x00},
	{0x0aff, 0x00},
	{0x0aff, 0x00},
	{0x0aff, 0x00},
	{0x0aff, 0x00},
	{0x0aff, 0x00},
	{0x0aff, 0x00},
	{0x0aff, 0x00},
	{0x0aff, 0x00},
	{0x0aff, 0x00},
	{0x0aff, 0x00},
	{0x0aff, 0x00},
	{0x0aff, 0x00},
	{0x0aff, 0x00},
	{0x0aff, 0x00},
	{0x0aff, 0x00},
	{0x0aff, 0x00},
	{0x0aff, 0x00},
	{0x0aff, 0x00},
	{0x0aff, 0x00},
	{0x0aff, 0x00},
	{0x0aff, 0x00},
	{0x0aff, 0x00},
	{0x0aff, 0x00},
	{0x0aff, 0x00},
	{0x0aff, 0x00},
	{0x0aff, 0x00},
	{0x0aff, 0x00},
	{0x0aff, 0x00},
	{0x0aff, 0x00},
	{0x0aff, 0x00},
	{0x0aff, 0x00},
	{0x0aff, 0x00},
	{0x0aff, 0x00},
	{0x0aff, 0x00},
	{0x0aff, 0x00},
	{0x0aff, 0x00},
	{0x0aff, 0x00},
	{0x0aff, 0x00},
	{0x0aff, 0x00},
	{0x0aff, 0x00},
	{0x0aff, 0x00},
	{0x0aff, 0x00},
	{0x0aff, 0x00},
	{0x0aff, 0x00},
	{0x0aff, 0x00},
	{0x0aff, 0x00},
	{0x0aff, 0x00},
	{0x0aff, 0x00},
	{0x0aff, 0x00},
	{0x0aff, 0x00},
	{0x0aff, 0x00},
	{0x0aff, 0x00},
	{0x0aff, 0x00},
	{0x0aff, 0x00},
	{0x0aff, 0x00},
	{0x0aff, 0x00},
	{0x0aff, 0x00},
	{0x0aff, 0x00},
	{0x0aff, 0x00},
	{0x0aff, 0x00},
	{0x0aff, 0x00},
	{0x0aff, 0x00},
	{0x0aff, 0x00},
	{0x0aff, 0x00},
	{0x0aff, 0x00},
	{0x0aff, 0x00},
	{0x0aff, 0x00},
	{0x0aff, 0x00},
	{0x0aff, 0x00},
	{0x0aff, 0x00},
	{0x0aff, 0x00},
	{0x0aff, 0x00},
	{0x0aff, 0x00},
	{0x0aff, 0x00},
	{0x0aff, 0x00},
	{0x0aff, 0x00},
	{0x0aff, 0x00},
	{0x0aff, 0x00},
	{0x0aff, 0x00},
	{0x0aff, 0x00},
	{0x0aff, 0x00},
	{0x0aff, 0x00},
	{0x0aff, 0x00},
	{0x0aff, 0x00},
	{0x0aff, 0x00},
	{0x0aff, 0x00},
	{0x0aff, 0x00},
	{0x0aff, 0x00},
	{0x0aff, 0x00},
	{0x0aff, 0x00},
	{0x0aff, 0x00},
	{0x0aff, 0x00},
	{0x0aff, 0x00},
	{0x0aff, 0x00},
	{0x0aff, 0x00},
	{0x0aff, 0x00},
	{0x0aff, 0x00},
	{0x0aff, 0x00},
	{0x0aff, 0x00},
	{0x0aff, 0x00},
	{0x0aff, 0x00},
	{0x0aff, 0x00},
	{0x0aff, 0x00},
	{0x0aff, 0x00},
	{0x0aff, 0x00},
	{0x0aff, 0x00},
	{0x0aff, 0x00},
	{0x0aff, 0x00},
	{0x0aff, 0x00},
	{0x0a90, 0x00},
	{0x0314, 0x70},
	{0x0089, 0x02},
	{0x00bc, 0x03},
	{0x00bd, 0x00},
	{0x0ad0, 0x03},
	{0x0004, 0x07},
	{0x0da2, 0x01},
	{0x0080, 0x30},
	{0x0061, 0x40},
	{0x0084, 0x01},
	{REG_NULL, 0x00}
};

/*
 * Xclk 24Mhz
 * max_framerate 120fps
 * mipi_datarate per lane 976Mbps, 4lane
 * release_GC13B0_13M_MIPI_DPHY_4L_RAW10_1920x1080_120fps_20250319_setting.txt
 */
static const struct regval gc13b0_linear_10bit_1920x1080_120fps_4lane_regs[] = {
	{0x0315, 0xd7},
	{0x031c, 0xe0},
	{0x031a, 0x06},
	{0x0fe2, 0x17},
	{0x0f9b, 0xc9},
	{0x0900, 0x10},
	{0x0fbf, 0x36},
	{0x0fd2, 0x36},
	{0x0fc1, 0x04},
	{0x0fc2, 0x5f},
	{0x0fcb, 0x0c},
	{0x0fc4, 0x10},
	{0x0fc5, 0xb4},
	{0x0fd4, 0x21},
	{0x0fd5, 0x35},
	{0x0fdc, 0x01},
	{0x0fd6, 0x63},
	{0x0901, 0x00},
	{0x0fd3, 0x07},
	{0x0fc0, 0xb4},
	{0x0fc3, 0xb8},
	{0x0fcc, 0x1d},
	{0x0fcd, 0x1d},
	{0x0fde, 0x4a},
	{0x0fdf, 0x4a},
	{0x05a0, 0xc1},
	{0x0af4, 0x68},
	{0x0118, 0x51},
	{0x0101, 0x00},
	{0x0004, 0x06},
	{0x001f, 0x01},
	{0x0a67, 0x80},
	{0x0a70, 0x80},
	{0x0a66, 0x00},
	{0x0a74, 0x17},
	{0x0a68, 0x04},
	{0x0a4e, 0x40},
	{0x0a52, 0x0c},
	{0x0f08, 0x03},
	{0x0217, 0xf8},
	{0x0219, 0x95},
	{0x0225, 0x04},
	{0x0512, 0x00},
	{0x021f, 0x10},
	{0x022a, 0x00},
	{0x0255, 0x24},
	{0x0256, 0x0c},
	{0x0257, 0x78},
	{0x02b2, 0x0d},
	{0x0082, 0x37},
	{0x0f26, 0x10},
	{0x0f27, 0x10},
	{0x0ec0, 0x00},
	{0x0ec8, 0x02},
	{0x0ec9, 0x40},
	{0x0f9c, 0xe8},
	{0x0fc6, 0x10},
	{0x0f9a, 0x8c},
	{0x0f9e, 0x10},
	{0x0f9f, 0x12},
	{0x0fa0, 0x6b},
	{0x0fa1, 0x30},
	{0x0fa8, 0x15},
	{0x0faa, 0xd4},
	{0x0fb4, 0x04},
	{0x0fb8, 0x44},
	{0x0fba, 0x08},
	{0x0fbb, 0x07},
	{0x0fbd, 0x5d},
	{0x0fbe, 0x00},
	{0x0f98, 0x44},
	{0x0f99, 0x00},
	{0x0ed6, 0x02},
	{0x0e52, 0x20},
	{0x0e53, 0x40},
	{0x0e0f, 0x03},
	{0x0fca, 0x1b},
	{0x0e7c, 0x1a},
	{0x0e7d, 0x00},
	{0x0e7e, 0x62},
	{0x0e78, 0xff},
	{0x0f2e, 0x40},
	{0x0f5f, 0x00},
	{0x0f42, 0x97},
	{0x0f32, 0x01},
	{0x0f33, 0x2b},
	{0x0f34, 0x0b},
	{0x0f44, 0x0f},
	{0x0f4a, 0x50},
	{0x0f4b, 0x0d},
	{0x0f4d, 0x00},
	{0x0f4e, 0x18},
	{0x0070, 0x01},
	{0x0071, 0x81},
	{0x0072, 0x05},
	{0x0114, 0x02},
	{0x0182, 0x20},
	{0x0902, 0x03},
	{0x096a, 0xd9},
	{0x096b, 0x8f},
	{0x0190, 0x00},
	{0x0266, 0x03},
	{0x0af5, 0x10},
	{0x0b00, 0x17},
	{0x0b01, 0xe2},
	{0x0b02, 0x0f},
	{0x0b03, 0x00},
	{0x0b04, 0x1f},
	{0x0b05, 0x01},
	{0x0b06, 0x09},
	{0x0b07, 0x00},
	{0x0b08, 0x27},
	{0x0b09, 0xd3},
	{0x0b0a, 0x0f},
	{0x0b0b, 0x00},
	{0x0b0c, 0xb6},
	{0x0b0d, 0xc0},
	{0x0b0e, 0x0f},
	{0x0b0f, 0x00},
	{0x0b10, 0xba},
	{0x0b11, 0xc3},
	{0x0b12, 0x0f},
	{0x0b13, 0x00},
	{0x0b14, 0xc1},
	{0x0b15, 0x80},
	{0x0b16, 0x01},
	{0x0b17, 0x00},
	{0x0b18, 0x01},
	{0x0b19, 0x80},
	{0x0b1a, 0x01},
	{0x0b1b, 0x00},
	{0x0b1c, 0x00},
	{0x0b1d, 0xff},
	{0x0b1e, 0x7a},
	{0x0b1f, 0x00},
	{0x0b20, 0x00},
	{0x0b21, 0xff},
	{0x0b22, 0x7a},
	{0x0b23, 0x00},
	{0x0b24, 0x00},
	{0x0b25, 0xff},
	{0x0b26, 0x7a},
	{0x0b27, 0x00},
	{0x0b28, 0x80},
	{0x0b29, 0x1c},
	{0x0b2a, 0x03},
	{0x0b2b, 0x00},
	{0x0b2c, 0x10},
	{0x0b2d, 0xfe},
	{0x0b2e, 0x03},
	{0x0b2f, 0x00},
	{0x0b30, 0x00},
	{0x0b31, 0xfe},
	{0x0b32, 0x03},
	{0x0b33, 0x00},
	{0x0b34, 0x9b},
	{0x0b35, 0x1c},
	{0x0b36, 0x03},
	{0x0b37, 0x00},
	{0x0b38, 0x00},
	{0x0b39, 0xff},
	{0x0b3a, 0x7a},
	{0x0b3b, 0x00},
	{0x0b3c, 0x00},
	{0x0b3d, 0xff},
	{0x0b3e, 0x7a},
	{0x0b3f, 0x00},
	{0x0b40, 0x00},
	{0x0b41, 0xff},
	{0x0b42, 0x7a},
	{0x0b43, 0x00},
	{0x0b44, 0x80},
	{0x0b45, 0x1c},
	{0x0b46, 0x03},
	{0x0b47, 0x00},
	{0x0b48, 0x10},
	{0x0b49, 0xfe},
	{0x0b4a, 0x03},
	{0x0b4b, 0x00},
	{0x0b4c, 0x00},
	{0x0b4d, 0xfe},
	{0x0b4e, 0x03},
	{0x0b4f, 0x00},
	{0x0b50, 0x9b},
	{0x0b51, 0x1c},
	{0x0b52, 0x03},
	{0x0b53, 0x00},
	{0x0b54, 0x00},
	{0x0b55, 0xff},
	{0x0b56, 0x7a},
	{0x0b57, 0x00},
	{0x0b58, 0x00},
	{0x0b59, 0xff},
	{0x0b5a, 0x7a},
	{0x0b5b, 0x00},
	{0x0b5c, 0x00},
	{0x0b5d, 0xff},
	{0x0b5e, 0x7a},
	{0x0b5f, 0x00},
	{0x0b60, 0x00},
	{0x0b61, 0x83},
	{0x0b62, 0x00},
	{0x0b63, 0x00},
	{0x0b64, 0x0d},
	{0x0b65, 0x62},
	{0x0b66, 0x02},
	{0x0b67, 0x00},
	{0x0b68, 0x99},
	{0x0b69, 0x12},
	{0x0b6a, 0x01},
	{0x0b6b, 0x00},
	{0x0b6c, 0x1f},
	{0x0b6d, 0x81},
	{0x0b6e, 0x01},
	{0x0b6f, 0x00},
	{0x0b70, 0x10},
	{0x0b71, 0x84},
	{0x0b72, 0x01},
	{0x0b73, 0x00},
	{0x0b74, 0x01},
	{0x0b75, 0xb4},
	{0x0b76, 0x09},
	{0x0b77, 0x00},
	{0x0b78, 0x01},
	{0x0b79, 0x74},
	{0x0b7a, 0x09},
	{0x0b7b, 0x00},
	{0x0b7c, 0x01},
	{0x0b7d, 0x14},
	{0x0b7e, 0x09},
	{0x0b7f, 0x00},
	{0x0b80, 0x01},
	{0x0b81, 0x94},
	{0x0b82, 0x09},
	{0x0b83, 0x00},
	{0x0b84, 0x01},
	{0x0b85, 0x54},
	{0x0b86, 0x09},
	{0x0b87, 0x00},
	{0x0b88, 0x00},
	{0x0b89, 0xff},
	{0x0b8a, 0x7a},
	{0x0b8b, 0x00},
	{0x0b8c, 0x00},
	{0x0b8d, 0xff},
	{0x0b8e, 0x7a},
	{0x0b8f, 0x00},
	{0x0b90, 0x00},
	{0x0b91, 0xff},
	{0x0b92, 0x7a},
	{0x0b93, 0x00},
	{0x0b94, 0x09},
	{0x0b95, 0x12},
	{0x0b96, 0x01},
	{0x0b97, 0x00},
	{0x0b98, 0x00},
	{0x0b99, 0xff},
	{0x0b9a, 0x7a},
	{0x0b9b, 0x00},
	{0x0b9c, 0xe0},
	{0x0b9d, 0x1c},
	{0x0b9e, 0x03},
	{0x0b9f, 0x00},
	{0x0ba0, 0x00},
	{0x0ba1, 0xb4},
	{0x0ba2, 0x09},
	{0x0ba3, 0x00},
	{0x0ba4, 0x00},
	{0x0ba5, 0x74},
	{0x0ba6, 0x09},
	{0x0ba7, 0x00},
	{0x0ba8, 0x00},
	{0x0ba9, 0x14},
	{0x0baa, 0x09},
	{0x0bab, 0x00},
	{0x0bac, 0x00},
	{0x0bad, 0x94},
	{0x0bae, 0x09},
	{0x0baf, 0x00},
	{0x0bb0, 0x00},
	{0x0bb1, 0x54},
	{0x0bb2, 0x09},
	{0x0bb3, 0x00},
	{0x0bb4, 0x00},
	{0x0bb5, 0x84},
	{0x0bb6, 0x01},
	{0x0bb7, 0x00},
	{0x0bb8, 0x00},
	{0x0bb9, 0x81},
	{0x0bba, 0x01},
	{0x0bbb, 0x00},
	{0x0bbc, 0xb8},
	{0x0bbd, 0xc3},
	{0x0bbe, 0x0f},
	{0x0bbf, 0x00},
	{0x0bc0, 0xb4},
	{0x0bc1, 0xc0},
	{0x0bc2, 0x0f},
	{0x0bc3, 0x00},
	{0x0bc4, 0x07},
	{0x0bc5, 0xd3},
	{0x0bc6, 0x0f},
	{0x0bc7, 0x00},
	{0x0bc8, 0x00},
	{0x0bc9, 0x01},
	{0x0bca, 0x09},
	{0x0bcb, 0x00},
	{0x0bcc, 0x07},
	{0x0bcd, 0xe2},
	{0x0bce, 0x0f},
	{0x0bcf, 0x00},
	{0x0bd0, 0x02},
	{0x0bd1, 0x83},
	{0x0bd2, 0x00},
	{0x0bd3, 0x00},
	{0x0bd4, 0x09},
	{0x0bd5, 0x62},
	{0x0bd6, 0x02},
	{0x0bd7, 0x00},
	{0x0af5, 0x00},
	{0x0ae9, 0x22},
	{0x0aea, 0x36},
	{0x0ae8, 0x02},
	{0x0ae8, 0x04},
	{0x0315, 0xd5},
	{0x031c, 0xe0},
	{0x031a, 0x06},
	{0x0fe2, 0x17},
	{0x0f9b, 0xc9},
	{0x0900, 0x10},
	{0x0fbf, 0x36},
	{0x0fd2, 0x36},
	{0x0fc1, 0x04},
	{0x0fc2, 0x64},
	{0x0fcb, 0x0c},
	{0x0fc4, 0x40},
	{0x0fc5, 0x8a},
	{0x0fd4, 0x20},
	{0x0fd5, 0xf4},
	{0x0fdc, 0x05},
	{0x0fd6, 0x23},
	{0x0901, 0x00},
	{0x0fd3, 0x07},
	{0x0fc0, 0xb0},
	{0x0fc3, 0xb0},
	{0x0511, 0x05},
	{0x0da1, 0x49},
	{0x0004, 0x06},
	{0x001f, 0x00},
	{0x0da2, 0x00},
	{0x0da3, 0x01},
	{0x04c0, 0x51},
	{0x04c1, 0x2a},
	{0x04c2, 0x00},
	{0x0ad2, 0x51},
	{0x0ad3, 0x01},
	{0x0ad0, 0x02},
	{0x0ad5, 0x02},
	{0x0ad6, 0x10},
	{0x0ad7, 0x90},
	{0x0ad8, 0x08},
	{0x0ad9, 0x80},
	{0x0ada, 0x00},
	{0x0adb, 0x00},
	{0x0adc, 0x00},
	{0x0add, 0x00},
	{0x0aae, 0x00},
	{0x0aaf, 0xe0},
	{0x0ab2, 0x26},
	{0x0ab3, 0x78},
	{0x0ab6, 0x45},
	{0x0ab7, 0x40},
	{0x0aab, 0x45},
	{0x0aac, 0x88},
	{0x0aa9, 0x46},
	{0x0aaa, 0x20},
	{0x0aa6, 0x0a},
	{0x0aa7, 0x46},
	{0x0aa8, 0x98},
	{0x0ab0, 0x48},
	{0x0ab1, 0x90},
	{0x0a93, 0x44},
	{0x0a92, 0x40},
	{0x0a91, 0xf6},
	{0x0a90, 0xb7},
	{0x0a94, 0x80},
	{0x0f08, 0x03},
	{0x0f0a, 0x60},
	{0x0519, 0x06},
	{0x0247, 0x10},
	{0x0248, 0x08},
	{0x024c, 0x24},
	{0x0250, 0xf8},
	{0x0580, 0x4a},
	{0x0516, 0x0c},
	{0x0210, 0x20},
	{0x0212, 0x05},
	{0x0215, 0x04},
	{0x0218, 0x0c},
	{0x021a, 0x88},
	{0x021c, 0x0c},
	{0x021d, 0x68},
	{0x0220, 0x00},
	{0x0221, 0x02},
	{0x0222, 0x02},
	{0x0252, 0x03},
	{0x0253, 0x10},
	{0x02e6, 0x03},
	{0x02e7, 0x3a},
	{0x0f90, 0x00},
	{0x0f91, 0x14},
	{0x0f92, 0x08},
	{0x0f93, 0x5a},
	{0x0f94, 0x08},
	{0x0346, 0x02},
	{0x0347, 0x08},
	{0x0348, 0x10},
	{0x0349, 0x90},
	{0x034a, 0x08},
	{0x034b, 0x80},
	{0x0226, 0x09},
	{0x0227, 0xa0},
	{0x0340, 0x02},
	{0x0341, 0xa8},
	{0x0202, 0x01},
	{0x0203, 0x20},
	{0x0342, 0x03},
	{0x0343, 0x48},
	{0x024d, 0x01},
	{0x024e, 0x0f},
	{0x024f, 0x04},
	{0x0ec3, 0xff},
	{0x0ec4, 0x99},
	{0x0eca, 0x00},
	{0x0ecd, 0x00},
	{0x0e59, 0x00},
	{0x0fa7, 0x3f},
	{0x0fbc, 0xad},
	{0x0fc9, 0x60},
	{0x0fa9, 0x65},
	{0x0fab, 0x00},
	{0x0fe0, 0x00},
	{0x0e17, 0x20},
	{0x0e35, 0x20},
	{0x0e03, 0x00},
	{0x0e04, 0x40},
	{0x0e05, 0x00},
	{0x0e06, 0x20},
	{0x0e1b, 0x00},
	{0x0e1c, 0x42},
	{0x0fb3, 0xef},
	{0x0fb5, 0x31},
	{0x0fd0, 0x05},
	{0x0fd1, 0x1a},
	{0x0f6d, 0x0e},
	{0x0f9d, 0x1c},
	{0x0e0d, 0x36},
	{0x0e1e, 0x36},
	{0x0e72, 0x36},
	{0x0e73, 0x36},
	{0x0e0e, 0x1d},
	{0x0e1f, 0x00},
	{0x0e20, 0xc2},
	{0x0e2c, 0x00},
	{0x0e2d, 0xf8},
	{0x02d0, 0x01},
	{0x0f2f, 0x03},
	{0x0f38, 0x1f},
	{0x0106, 0x00},
	{0x0595, 0x09},
	{0x05a3, 0x09},
	{0x05a4, 0x0c},
	{0x0590, 0x00},
	{0x0591, 0x8c},
	{0x05a5, 0x00},
	{0x05a6, 0x00},
	{0x05a7, 0x10},
	{0x05ac, 0x00},
	{0x05ad, 0x01},
	{0x05ae, 0x00},
	{0x0800, 0x05},
	{0x0801, 0x06},
	{0x0802, 0x09},
	{0x0803, 0x0e},
	{0x0804, 0x14},
	{0x0805, 0x1c},
	{0x0806, 0x28},
	{0x0807, 0x39},
	{0x0808, 0x0e},
	{0x0809, 0x39},
	{0x080a, 0x0e},
	{0x080b, 0x3a},
	{0x080c, 0x0e},
	{0x080d, 0x70},
	{0x080e, 0x0e},
	{0x080f, 0x71},
	{0x0810, 0x0e},
	{0x0811, 0x0b},
	{0x0812, 0x0e},
	{0x0813, 0x1d},
	{0x0814, 0x0e},
	{0x0815, 0x51},
	{0x0816, 0x00},
	{0x0817, 0x00},
	{0x0818, 0x00},
	{0x0819, 0x00},
	{0x081a, 0x00},
	{0x081b, 0x00},
	{0x081c, 0x00},
	{0x081d, 0x00},
	{0x081e, 0x00},
	{0x081f, 0x00},
	{0x0820, 0x03},
	{0x0821, 0x10},
	{0x0822, 0x03},
	{0x0823, 0x10},
	{0x0824, 0x03},
	{0x0825, 0x03},
	{0x0826, 0x00},
	{0x0827, 0x00},
	{0x0828, 0x00},
	{0x0829, 0x00},
	{0x082a, 0x00},
	{0x082b, 0x00},
	{0x082c, 0x03},
	{0x082d, 0x0c},
	{0x082e, 0x03},
	{0x082f, 0x0c},
	{0x0830, 0x03},
	{0x0831, 0x03},
	{0x0832, 0x00},
	{0x0833, 0x00},
	{0x0834, 0x00},
	{0x0835, 0x00},
	{0x0836, 0x00},
	{0x0837, 0x00},
	{0x0838, 0x03},
	{0x0839, 0x07},
	{0x083a, 0x03},
	{0x083b, 0x07},
	{0x083c, 0x03},
	{0x083d, 0x03},
	{0x083e, 0x00},
	{0x083f, 0x00},
	{0x0840, 0x00},
	{0x0841, 0x00},
	{0x0842, 0x00},
	{0x0843, 0x00},
	{0x0844, 0x02},
	{0x0845, 0x20},
	{0x0846, 0x02},
	{0x0847, 0x20},
	{0x0848, 0x03},
	{0x0849, 0x03},
	{0x084a, 0x00},
	{0x084b, 0x00},
	{0x084c, 0x00},
	{0x084d, 0x00},
	{0x084e, 0x00},
	{0x084f, 0x00},
	{0x0850, 0x02},
	{0x0851, 0x1b},
	{0x0852, 0x02},
	{0x0853, 0x1b},
	{0x0854, 0x03},
	{0x0855, 0x03},
	{0x0856, 0x00},
	{0x0857, 0x00},
	{0x0858, 0x00},
	{0x0859, 0x00},
	{0x085a, 0x00},
	{0x085b, 0x00},
	{0x085c, 0x02},
	{0x085d, 0x13},
	{0x085e, 0x02},
	{0x085f, 0x13},
	{0x0860, 0x03},
	{0x0861, 0x03},
	{0x0862, 0x00},
	{0x0863, 0x00},
	{0x0864, 0x00},
	{0x0865, 0x00},
	{0x0866, 0x00},
	{0x0867, 0x00},
	{0x0868, 0x02},
	{0x0869, 0x0c},
	{0x086a, 0x02},
	{0x086b, 0x0c},
	{0x086c, 0x03},
	{0x086d, 0x03},
	{0x086e, 0x00},
	{0x086f, 0x00},
	{0x0870, 0x00},
	{0x0871, 0x00},
	{0x0872, 0x00},
	{0x0873, 0x00},
	{0x0874, 0x01},
	{0x0875, 0x1f},
	{0x0876, 0x01},
	{0x0877, 0x1f},
	{0x0878, 0x03},
	{0x0879, 0x03},
	{0x087a, 0x00},
	{0x087b, 0x00},
	{0x087c, 0x00},
	{0x087d, 0x00},
	{0x087e, 0x00},
	{0x087f, 0x00},
	{0x0880, 0x01},
	{0x0881, 0x15},
	{0x0882, 0x01},
	{0x0883, 0x15},
	{0x0884, 0x03},
	{0x0885, 0x03},
	{0x0886, 0x00},
	{0x0887, 0x00},
	{0x0888, 0x00},
	{0x0889, 0x00},
	{0x088a, 0x00},
	{0x088b, 0x00},
	{0x088c, 0x00},
	{0x088d, 0x00},
	{0x088e, 0x00},
	{0x088f, 0x00},
	{0x0890, 0x00},
	{0x0891, 0x00},
	{0x0892, 0x00},
	{0x0893, 0x00},
	{0x0894, 0x00},
	{0x0895, 0x01},
	{0x0896, 0x00},
	{0x0897, 0x00},
	{0x0898, 0x01},
	{0x0899, 0x01},
	{0x089a, 0x6b},
	{0x089b, 0x00},
	{0x089c, 0x02},
	{0x089d, 0x01},
	{0x089e, 0xfb},
	{0x089f, 0x00},
	{0x08a0, 0x03},
	{0x08a1, 0x02},
	{0x08a2, 0xd4},
	{0x08a3, 0x00},
	{0x08a4, 0x04},
	{0x08a5, 0x03},
	{0x08a6, 0xf5},
	{0x08a7, 0x00},
	{0x08a8, 0x05},
	{0x08a9, 0x05},
	{0x08aa, 0xb0},
	{0x08ab, 0x00},
	{0x08ac, 0x06},
	{0x08ad, 0x07},
	{0x08ae, 0xf6},
	{0x08af, 0x00},
	{0x08b0, 0x07},
	{0x08b1, 0x0b},
	{0x08b2, 0x30},
	{0x08b3, 0x80},
	{0x08b4, 0x06},
	{0x08b5, 0x0f},
	{0x08b6, 0x80},
	{0x08b7, 0x80},
	{0x08b8, 0x07},
	{0x05ac, 0x01},
	{0x0209, 0x01},
	{0x020a, 0x24},
	{0x0fa5, 0x00},
	{0x0204, 0x04},
	{0x0205, 0x00},
	{0x0d03, 0x00},
	{0x0d04, 0x76},
	{0x008b, 0x1b},
	{0x0040, 0x22},
	{0x0042, 0x01},
	{0x0030, 0x04},
	{0x0031, 0x0a},
	{0x0032, 0x00},
	{0x0033, 0x03},
	{0x0092, 0x06},
	{0x0093, 0x3c},
	{0x0058, 0x00},
	{0x0059, 0x00},
	{0x005a, 0x00},
	{0x005b, 0x00},
	{0x005c, 0x00},
	{0x005d, 0x00},
	{0x005e, 0x00},
	{0x005f, 0x00},
	{0x0074, 0x40},
	{0x0077, 0x00},
	{0x0073, 0xc1},
	{0x0016, 0x24},
	{0x0005, 0x0b},
	{0x0006, 0x18},
	{0x0007, 0x86},
	{0x0008, 0x3b},
	{0x0009, 0x00},
	{0x000c, 0xf0},
	{0x000d, 0x95},
	{0x000e, 0x3f},
	{0x000f, 0x58},
	{0x0010, 0x7f},
	{0x0011, 0xb4},
	{0x0012, 0x64},
	{0x0013, 0x52},
	{0x0014, 0x1e},
	{0x0015, 0xd8},
	{0x0019, 0x02},
	{0x0da0, 0x0f},
	{0x04c2, 0x87},
	{0x04c3, 0x00},
	{0x04ca, 0x46},
	{0x04cb, 0x0f},
	{0x0430, 0x87},
	{0x0431, 0x08},
	{0x0432, 0x08},
	{0x0433, 0x10},
	{0x0434, 0x87},
	{0x0435, 0x0c},
	{0x0436, 0x16},
	{0x0437, 0x10},
	{0x0438, 0x83},
	{0x0439, 0x0e},
	{0x043a, 0x03},
	{0x043b, 0x10},
	{0x043c, 0x83},
	{0x043d, 0x12},
	{0x043e, 0x1a},
	{0x043f, 0x10},
	{0x0440, 0x63},
	{0x0441, 0x07},
	{0x0442, 0x18},
	{0x0443, 0x10},
	{0x0444, 0x63},
	{0x0445, 0x07},
	{0x0446, 0x18},
	{0x0447, 0x10},
	{0x0359, 0x00},
	{0x0351, 0x00},
	{0x0352, 0x04},
	{0x0353, 0x00},
	{0x0354, 0x64},
	{0x034c, 0x07},
	{0x034d, 0x80},
	{0x034e, 0x04},
	{0x034f, 0x38},
	{0x00c8, 0x00},
	{0x00c9, 0x10},
	{0x00ca, 0x00},
	{0x00cb, 0x18},
	{0x00cc, 0x0c},
	{0x00cd, 0x30},
	{0x00ce, 0x10},
	{0x00cf, 0x78},
	{0x00d8, 0x00},
	{0x00d9, 0x10},
	{0x00da, 0x00},
	{0x00db, 0x28},
	{0x00dc, 0x0c},
	{0x00dd, 0x30},
	{0x00de, 0x10},
	{0x00df, 0x68},
	{0x00c2, 0x03},
	{0x0110, 0x04},
	{0x0120, 0x10},
	{0x012c, 0x00},
	{0x012d, 0x0a},
	{0x0113, 0x02},
	{0x0119, 0x20},
	{0x011a, 0x20},
	{0x0128, 0x2b},
	{0x01a8, 0xff},
	{0x01a0, 0xff},
	{0x01a1, 0x07},
	{0x01a2, 0x0a},
	{0x01a3, 0x22},
	{0x01a4, 0x01},
	{0x01a5, 0x0d},
	{0x01a6, 0x09},
	{0x01a7, 0x10},
	{0x01a9, 0x0a},
	{0x01aa, 0x10},
	{0x01ab, 0x09},
	{0x0aff, 0x00},
	{0x0aff, 0x00},
	{0x0aff, 0x00},
	{0x0aff, 0x00},
	{0x0aff, 0x00},
	{0x0aff, 0x00},
	{0x0aff, 0x00},
	{0x0aff, 0x00},
	{0x0aff, 0x00},
	{0x0aff, 0x00},
	{0x0aff, 0x00},
	{0x0aff, 0x00},
	{0x0aff, 0x00},
	{0x0aff, 0x00},
	{0x0aff, 0x00},
	{0x0aff, 0x00},
	{0x0aff, 0x00},
	{0x0aff, 0x00},
	{0x0aff, 0x00},
	{0x0aff, 0x00},
	{0x0aff, 0x00},
	{0x0aff, 0x00},
	{0x0aff, 0x00},
	{0x0aff, 0x00},
	{0x0aff, 0x00},
	{0x0aff, 0x00},
	{0x0aff, 0x00},
	{0x0aff, 0x00},
	{0x0aff, 0x00},
	{0x0aff, 0x00},
	{0x0aff, 0x00},
	{0x0aff, 0x00},
	{0x0aff, 0x00},
	{0x0aff, 0x00},
	{0x0aff, 0x00},
	{0x0aff, 0x00},
	{0x0aff, 0x00},
	{0x0aff, 0x00},
	{0x0aff, 0x00},
	{0x0aff, 0x00},
	{0x0aff, 0x00},
	{0x0aff, 0x00},
	{0x0aff, 0x00},
	{0x0aff, 0x00},
	{0x0aff, 0x00},
	{0x0aff, 0x00},
	{0x0aff, 0x00},
	{0x0aff, 0x00},
	{0x0aff, 0x00},
	{0x0aff, 0x00},
	{0x0aff, 0x00},
	{0x0aff, 0x00},
	{0x0aff, 0x00},
	{0x0aff, 0x00},
	{0x0aff, 0x00},
	{0x0aff, 0x00},
	{0x0aff, 0x00},
	{0x0aff, 0x00},
	{0x0aff, 0x00},
	{0x0aff, 0x00},
	{0x0aff, 0x00},
	{0x0aff, 0x00},
	{0x0aff, 0x00},
	{0x0aff, 0x00},
	{0x0aff, 0x00},
	{0x0aff, 0x00},
	{0x0aff, 0x00},
	{0x0aff, 0x00},
	{0x0aff, 0x00},
	{0x0aff, 0x00},
	{0x0aff, 0x00},
	{0x0aff, 0x00},
	{0x0aff, 0x00},
	{0x0aff, 0x00},
	{0x0aff, 0x00},
	{0x0aff, 0x00},
	{0x0aff, 0x00},
	{0x0aff, 0x00},
	{0x0aff, 0x00},
	{0x0aff, 0x00},
	{0x0aff, 0x00},
	{0x0aff, 0x00},
	{0x0aff, 0x00},
	{0x0aff, 0x00},
	{0x0aff, 0x00},
	{0x0aff, 0x00},
	{0x0aff, 0x00},
	{0x0aff, 0x00},
	{0x0aff, 0x00},
	{0x0aff, 0x00},
	{0x0aff, 0x00},
	{0x0aff, 0x00},
	{0x0aff, 0x00},
	{0x0aff, 0x00},
	{0x0aff, 0x00},
	{0x0aff, 0x00},
	{0x0aff, 0x00},
	{0x0aff, 0x00},
	{0x0aff, 0x00},
	{0x0aff, 0x00},
	{0x0aff, 0x00},
	{0x0aff, 0x00},
	{0x0aff, 0x00},
	{0x0aff, 0x00},
	{0x0aff, 0x00},
	{0x0aff, 0x00},
	{0x0aff, 0x00},
	{0x0aff, 0x00},
	{0x0aff, 0x00},
	{0x0aff, 0x00},
	{0x0aff, 0x00},
	{0x0aff, 0x00},
	{0x0aff, 0x00},
	{0x0aff, 0x00},
	{0x0aff, 0x00},
	{0x0aff, 0x00},
	{0x0aff, 0x00},
	{0x0aff, 0x00},
	{0x0aff, 0x00},
	{0x0aff, 0x00},
	{0x0aff, 0x00},
	{0x0aff, 0x00},
	{0x0aff, 0x00},
	{0x0aff, 0x00},
	{0x0aff, 0x00},
	{0x0aff, 0x00},
	{0x0aff, 0x00},
	{0x0aff, 0x00},
	{0x0aff, 0x00},
	{0x0aff, 0x00},
	{0x0aff, 0x00},
	{0x0aff, 0x00},
	{0x0aff, 0x00},
	{0x0aff, 0x00},
	{0x0aff, 0x00},
	{0x0aff, 0x00},
	{0x0aff, 0x00},
	{0x0aff, 0x00},
	{0x0aff, 0x00},
	{0x0aff, 0x00},
	{0x0aff, 0x00},
	{0x0aff, 0x00},
	{0x0aff, 0x00},
	{0x0aff, 0x00},
	{0x0aff, 0x00},
	{0x0aff, 0x00},
	{0x0aff, 0x00},
	{0x0aff, 0x00},
	{0x0aff, 0x00},
	{0x0aff, 0x00},
	{0x0a90, 0x41},
	{0x0a94, 0x80},
	{0x0aff, 0x00},
	{0x0aff, 0x00},
	{0x0aff, 0x00},
	{0x0aff, 0x00},
	{0x0aff, 0x00},
	{0x0aff, 0x00},
	{0x0aff, 0x00},
	{0x0aff, 0x00},
	{0x0aff, 0x00},
	{0x0aff, 0x00},
	{0x0aff, 0x00},
	{0x0aff, 0x00},
	{0x0a90, 0x00},
	{0x0314, 0x70},
	{0x0089, 0x02},
	{0x00bc, 0x03},
	{0x00bd, 0x00},
	{0x0ad0, 0x03},
	{0x0004, 0x07},
	{0x0da2, 0x01},
	{0x0080, 0x30},
	{0x0061, 0x40},
	{0x0084, 0x01},
	{REG_NULL, 0x00}
};

static const struct regval gc13b0_global_2lane_regs[] = {
	{0x0315, 0xd7},
	{0x031c, 0xe0},
	{0x031a, 0x06},
	{0x0fe2, 0x17},
	{0x0f9b, 0xc9},
	{0x0900, 0x10},
	{0x0fbf, 0x36},
	{0x0fd2, 0x36},
	{0x0fc1, 0x04},
	{0x0fc2, 0x5f},
	{0x0fcb, 0x0c},
	{0x0fc4, 0x10},
	{0x0fc5, 0xb4},
	{0x0fd4, 0x21},
	{0x0fd5, 0x35},
	{0x0fdc, 0x01},
	{0x0fd6, 0x63},
	{0x0901, 0x00},
	{0x0fd3, 0x07},
	{0x0fc0, 0xb4},
	{0x0fc3, 0xb8},
	{0x0fcc, 0x1d},
	{0x0fcd, 0x1d},
	{0x0fde, 0x4a},
	{0x0fdf, 0x4a},
	{0x05a0, 0xc1},
	{0x0af4, 0x68},
	{0x0118, 0x51},
	{0x0101, 0x00},
	{0x0004, 0x06},
	{0x001f, 0x01},
	{0x0a67, 0x80},
	{0x0a70, 0x80},
	{0x0a66, 0x00},
	{0x0a74, 0x17},
	{0x0a68, 0x04},
	{0x0a4e, 0x40},
	{0x0a52, 0x0c},
	{0x0f08, 0x03},
	{0x0217, 0xf8},
	{0x0219, 0x95},
	{0x0225, 0x04},
	{0x0512, 0x00},
	{0x021f, 0x10},
	{0x022a, 0x00},
	{0x0255, 0x24},
	{0x0256, 0x0c},
	{0x0257, 0x78},
	{0x02b2, 0x0d},
	{0x0082, 0x37},
	{0x0f26, 0x10},
	{0x0f27, 0x10},
	{0x0f30, 0x7f},
	{0x0ec0, 0x00},
	{0x0ec8, 0x02},
	{0x0ec9, 0x40},
	{0x0f9c, 0xe8},
	{0x0fc6, 0x10},
	{0x0f9a, 0x8c},
	{0x0f9e, 0x10},
	{0x0f9f, 0x12},
	{0x0fa0, 0x6b},
	{0x0fa1, 0x30},
	{0x0fa8, 0x15},
	{0x0faa, 0xd4},
	{0x0fb4, 0x04},
	{0x0fb8, 0x44},
	{0x0fba, 0x08},
	{0x0fbb, 0x07},
	{0x0fbd, 0x5d},
	{0x0fbe, 0x00},
	{0x0f98, 0x44},
	{0x0f99, 0x00},
	{0x0ed6, 0x02},
	{0x0e52, 0x20},
	{0x0e53, 0x40},
	{0x0e0f, 0x03},
	{0x0fca, 0x1b},
	{0x0e7c, 0x1a},
	{0x0e7d, 0x00},
	{0x0e7e, 0x62},
	{0x0e78, 0xff},
	{0x0f2e, 0x40},
	{0x0f5f, 0x00},
	{0x0f42, 0x97},
	{0x0f32, 0x01},
	{0x0f33, 0x2b},
	{0x0f34, 0x0b},
	{0x0f44, 0x0f},
	{0x0f4a, 0x50},
	{0x0f4b, 0x0d},
	{0x0f4d, 0x00},
	{0x0f4e, 0x18},
	{0x0070, 0x01},
	{0x0071, 0x81},
	{0x0072, 0x05},
	{0x0114, 0x01},	// MIPI Lane Number Control
	{0x0182, 0x20},	// MIPI Clock Lane Mode Control
	{0x0902, 0x03},
	{0x096a, 0xd9},
	{0x096b, 0x8f},
	{0x0190, 0x00},
	{0x0266, 0x03},
	{0x0af5, 0x10},
	{0x0b00, 0x17},
	{0x0b01, 0xe2},
	{0x0b02, 0x0f},
	{0x0b03, 0x00},
	{0x0b04, 0x1f},
	{0x0b05, 0x01},
	{0x0b06, 0x09},
	{0x0b07, 0x00},
	{0x0b08, 0x27},
	{0x0b09, 0xd3},
	{0x0b0a, 0x0f},
	{0x0b0b, 0x00},
	{0x0b0c, 0xb6},
	{0x0b0d, 0xc0},
	{0x0b0e, 0x0f},
	{0x0b0f, 0x00},
	{0x0b10, 0xba},
	{0x0b11, 0xc3},
	{0x0b12, 0x0f},
	{0x0b13, 0x00},
	{0x0b14, 0xc1},
	{0x0b15, 0x80},
	{0x0b16, 0x01},
	{0x0b17, 0x00},
	{0x0b18, 0x01},
	{0x0b19, 0x80},
	{0x0b1a, 0x01},
	{0x0b1b, 0x00},
	{0x0b1c, 0x00},
	{0x0b1d, 0xff},
	{0x0b1e, 0x7a},
	{0x0b1f, 0x00},
	{0x0b20, 0x00},
	{0x0b21, 0xff},
	{0x0b22, 0x7a},
	{0x0b23, 0x00},
	{0x0b24, 0x00},
	{0x0b25, 0xff},
	{0x0b26, 0x7a},
	{0x0b27, 0x00},
	{0x0b28, 0x80},
	{0x0b29, 0x1c},
	{0x0b2a, 0x03},
	{0x0b2b, 0x00},
	{0x0b2c, 0x10},
	{0x0b2d, 0xfe},
	{0x0b2e, 0x03},
	{0x0b2f, 0x00},
	{0x0b30, 0x00},
	{0x0b31, 0xfe},
	{0x0b32, 0x03},
	{0x0b33, 0x00},
	{0x0b34, 0x9b},
	{0x0b35, 0x1c},
	{0x0b36, 0x03},
	{0x0b37, 0x00},
	{0x0b38, 0x00},
	{0x0b39, 0xff},
	{0x0b3a, 0x7a},
	{0x0b3b, 0x00},
	{0x0b3c, 0x00},
	{0x0b3d, 0xff},
	{0x0b3e, 0x7a},
	{0x0b3f, 0x00},
	{0x0b40, 0x00},
	{0x0b41, 0xff},
	{0x0b42, 0x7a},
	{0x0b43, 0x00},
	{0x0b44, 0x80},
	{0x0b45, 0x1c},
	{0x0b46, 0x03},
	{0x0b47, 0x00},
	{0x0b48, 0x10},
	{0x0b49, 0xfe},
	{0x0b4a, 0x03},
	{0x0b4b, 0x00},
	{0x0b4c, 0x00},
	{0x0b4d, 0xfe},
	{0x0b4e, 0x03},
	{0x0b4f, 0x00},
	{0x0b50, 0x9b},
	{0x0b51, 0x1c},
	{0x0b52, 0x03},
	{0x0b53, 0x00},
	{0x0b54, 0x00},
	{0x0b55, 0xff},
	{0x0b56, 0x7a},
	{0x0b57, 0x00},
	{0x0b58, 0x00},
	{0x0b59, 0xff},
	{0x0b5a, 0x7a},
	{0x0b5b, 0x00},
	{0x0b5c, 0x00},
	{0x0b5d, 0xff},
	{0x0b5e, 0x7a},
	{0x0b5f, 0x00},
	{0x0b60, 0x00},
	{0x0b61, 0x83},
	{0x0b62, 0x00},
	{0x0b63, 0x00},
	{0x0b64, 0x0d},
	{0x0b65, 0x62},
	{0x0b66, 0x02},
	{0x0b67, 0x00},
	{0x0b68, 0x99},
	{0x0b69, 0x12},
	{0x0b6a, 0x01},
	{0x0b6b, 0x00},
	{0x0b6c, 0x1f},
	{0x0b6d, 0x81},
	{0x0b6e, 0x01},
	{0x0b6f, 0x00},
	{0x0b70, 0x10},
	{0x0b71, 0x84},
	{0x0b72, 0x01},
	{0x0b73, 0x00},
	{0x0b74, 0x01},
	{0x0b75, 0xb4},
	{0x0b76, 0x09},
	{0x0b77, 0x00},
	{0x0b78, 0x01},
	{0x0b79, 0x74},
	{0x0b7a, 0x09},
	{0x0b7b, 0x00},
	{0x0b7c, 0x00},
	{0x0b7d, 0x14},
	{0x0b7e, 0x09},
	{0x0b7f, 0x00},
	{0x0b80, 0x00},
	{0x0b81, 0x94},
	{0x0b82, 0x09},
	{0x0b83, 0x00},
	{0x0b84, 0x01},
	{0x0b85, 0x54},
	{0x0b86, 0x09},
	{0x0b87, 0x00},
	{0x0b88, 0x00},
	{0x0b89, 0xff},
	{0x0b8a, 0x7a},
	{0x0b8b, 0x00},
	{0x0b8c, 0x00},
	{0x0b8d, 0xff},
	{0x0b8e, 0x7a},
	{0x0b8f, 0x00},
	{0x0b90, 0x00},
	{0x0b91, 0xff},
	{0x0b92, 0x7a},
	{0x0b93, 0x00},
	{0x0b94, 0x09},
	{0x0b95, 0x12},
	{0x0b96, 0x01},
	{0x0b97, 0x00},
	{0x0b98, 0x00},
	{0x0b99, 0xff},
	{0x0b9a, 0x7a},
	{0x0b9b, 0x00},
	{0x0b9c, 0xe0},
	{0x0b9d, 0x1c},
	{0x0b9e, 0x03},
	{0x0b9f, 0x00},
	{0x0ba0, 0x00},
	{0x0ba1, 0xb4},
	{0x0ba2, 0x09},
	{0x0ba3, 0x00},
	{0x0ba4, 0x00},
	{0x0ba5, 0x74},
	{0x0ba6, 0x09},
	{0x0ba7, 0x00},
	{0x0ba8, 0x00},
	{0x0ba9, 0x14},
	{0x0baa, 0x09},
	{0x0bab, 0x00},
	{0x0bac, 0x00},
	{0x0bad, 0x94},
	{0x0bae, 0x09},
	{0x0baf, 0x00},
	{0x0bb0, 0x00},
	{0x0bb1, 0x54},
	{0x0bb2, 0x09},
	{0x0bb3, 0x00},
	{0x0bb4, 0x00},
	{0x0bb5, 0x84},
	{0x0bb6, 0x01},
	{0x0bb7, 0x00},
	{0x0bb8, 0x00},
	{0x0bb9, 0x81},
	{0x0bba, 0x01},
	{0x0bbb, 0x00},
	{0x0bbc, 0xb8},
	{0x0bbd, 0xc3},
	{0x0bbe, 0x0f},
	{0x0bbf, 0x00},
	{0x0bc0, 0xb4},
	{0x0bc1, 0xc0},
	{0x0bc2, 0x0f},
	{0x0bc3, 0x00},
	{0x0bc4, 0x07},
	{0x0bc5, 0xd3},
	{0x0bc6, 0x0f},
	{0x0bc7, 0x00},
	{0x0bc8, 0x00},
	{0x0bc9, 0x01},
	{0x0bca, 0x09},
	{0x0bcb, 0x00},
	{0x0bcc, 0x07},
	{0x0bcd, 0xe2},
	{0x0bce, 0x0f},
	{0x0bcf, 0x00},
	{0x0bd0, 0x02},
	{0x0bd1, 0x83},
	{0x0bd2, 0x00},
	{0x0bd3, 0x00},
	{0x0bd4, 0x09},
	{0x0bd5, 0x62},
	{0x0bd6, 0x02},
	{0x0bd7, 0x00},
	{0x0af5, 0x00},
	{0x0ae9, 0x22},
	{0x0aea, 0x36},
	{0x0ae8, 0x02},
	{0x0ae8, 0x04},
	{REG_NULL, 0x00},
};

/*
 * Xclk 24Mhz
 * max_framerate 20fps
 * mipi_datarate per lane 1504Mbps, 2lane
 * GC13B0 13M MIPI DPHY 2L RAW10 4032x3024 20fps 1504Mbps 20250521.txt
 */
static const struct regval gc13b0_linear_10bit_4032x3024_20fps_2lane_regs[] = {
	{0x0315, 0xd7},
	{0x031c, 0xe0},
	{0x031a, 0x06},
	{0x0fe2, 0x17},
	{0x0f9b, 0xc9},
	{0x0900, 0x10},
	{0x0fbf, 0x36},
	{0x0fd2, 0x36},
	{0x0fc1, 0x00},
	{0x0fc2, 0x4e},
	{0x0fcb, 0x1c},
	{0x0fc4, 0x10},
	{0x0fc5, 0xb4},
	{0x0fd4, 0x20},
	{0x0fd5, 0xbc},
	{0x0fdc, 0x01},
	{0x0fd6, 0x23},
	{0x0901, 0x00},
	{0x0fd3, 0x07},
	{0x0fc0, 0xb4},
	{0x0fc3, 0xb8},
	{0x0511, 0x85},
	{0x0da1, 0x49},
	{0x0004, 0x06},
	{0x001f, 0x00},
	{0x0da2, 0x00},
	{0x0da3, 0x01},
	{0x04c0, 0x51},
	{0x04c1, 0x2a},
	{0x04c2, 0x00},
	{0x0ad2, 0x51},
	{0x0ad3, 0x01},
	{0x0ad0, 0x02},
	{0x0ad5, 0x02},
	{0x0ad6, 0x10},
	{0x0ad7, 0x90},
	{0x0ad8, 0x0c},
	{0x0ad9, 0x40},
	{0x0ada, 0x00},
	{0x0adb, 0x00},
	{0x0adc, 0x00},
	{0x0add, 0x00},
	{0x0aae, 0x00},
	{0x0aaf, 0xe0},
	{0x0ab2, 0x26},
	{0x0ab3, 0x78},
	{0x0ab6, 0x45},
	{0x0ab7, 0x40},
	{0x0aab, 0x45},
	{0x0aac, 0x88},
	{0x0aa9, 0x46},
	{0x0aaa, 0x20},
	{0x0aa6, 0x0a},
	{0x0aa7, 0x46},
	{0x0aa8, 0x98},
	{0x0ab0, 0x48},
	{0x0ab1, 0x90},
	{0x0a93, 0x44},
	{0x0a92, 0x40},
	{0x0a91, 0xf6},
	{0x0a90, 0xb7},
	{0x0a94, 0x80},
	{0x0f08, 0x03},
	{0x0f0a, 0x60},
	{0x0519, 0x06},
	{0x0247, 0x0a},
	{0x0248, 0x08},
	{0x024c, 0x24},
	{0x0250, 0xf8},
	{0x0580, 0x01},
	{0x0516, 0x0c},
	{0x0210, 0x90},
	{0x0212, 0x01},
	{0x0215, 0x04},
	{0x0218, 0x20},
	{0x021a, 0x99},
	{0x021c, 0x00},
	{0x021d, 0x10},
	{0x0220, 0x02},
	{0x0221, 0x04},
	{0x0222, 0x02},
	{0x0252, 0x03},
	{0x0253, 0x83},
	{0x02e6, 0x03},
	{0x02e7, 0x3a},
	{0x0f90, 0x00},
	{0x0f91, 0x14},
	{0x0f92, 0x08},
	{0x0f93, 0x5a},
	{0x0f94, 0x08},
	{0x0346, 0x00},
	{0x0347, 0x28},
	{0x0348, 0x10},
	{0x0349, 0x90},
	{0x034a, 0x0c},
	{0x034b, 0x40},
	{0x0226, 0x0c},
	{0x0227, 0xc0},
	{0x0340, 0x06},
	{0x0341, 0xa0},
	{0x0202, 0x06},
	{0x0203, 0x90},
	{0x0342, 0x0a},
	{0x0343, 0x50},
	{0x024d, 0x01},
	{0x024e, 0x0f},
	{0x024f, 0x04},
	{0x0ec3, 0xff},
	{0x0ec4, 0x99},
	{0x0eca, 0x00},
	{0x0ecd, 0x00},
	{0x0e59, 0x00},
	{0x0fa7, 0x3f},
	{0x0fbc, 0xad},
	{0x0fc9, 0x60},
	{0x0fa9, 0x65},
	{0x0fab, 0x40},
	{0x0fe0, 0x07},
	{0x0e17, 0x2f},
	{0x0e35, 0x2f},
	{0x0e03, 0x00},
	{0x0e04, 0x68},
	{0x0e05, 0x00},
	{0x0e06, 0x42},
	{0x0e1b, 0x00},
	{0x0e1c, 0x7d},
	{0x0fb3, 0xef},
	{0x0fb5, 0x31},
	{0x0fd0, 0x05},
	{0x0fd1, 0x1a},
	{0x0f6d, 0x0e},
	{0x0f9d, 0x1c},
	{0x0e0d, 0x36},
	{0x0e1e, 0x36},
	{0x0e72, 0x36},
	{0x0e73, 0x36},
	{0x0e0e, 0x1d},
	{0x0e1f, 0x00},
	{0x0e20, 0xc2},
	{0x0e2c, 0x00},
	{0x0e2d, 0xf8},
	{0x02d0, 0x01},
	{0x0f2f, 0x03},
	{0x0f38, 0x1f},
	{0x0106, 0x00},
	{0x0595, 0x09},
	{0x05a3, 0x09},
	{0x05a4, 0x0c},
	{0x0590, 0x00},
	{0x0591, 0x8c},
	{0x05a5, 0x00},
	{0x05a6, 0x00},
	{0x05a7, 0x10},
	{0x05ac, 0x00},
	{0x05ad, 0x01},
	{0x05ae, 0x00},
	{0x0800, 0x05},
	{0x0801, 0x06},
	{0x0802, 0x09},
	{0x0803, 0x0e},
	{0x0804, 0x14},
	{0x0805, 0x1c},
	{0x0806, 0x28},
	{0x0807, 0x39},
	{0x0808, 0x0e},
	{0x0809, 0x39},
	{0x080a, 0x0e},
	{0x080b, 0x3a},
	{0x080c, 0x0e},
	{0x080d, 0x70},
	{0x080e, 0x0e},
	{0x080f, 0x71},
	{0x0810, 0x0e},
	{0x0811, 0x0b},
	{0x0812, 0x0e},
	{0x0813, 0x1d},
	{0x0814, 0x0e},
	{0x0815, 0x51},
	{0x0816, 0x00},
	{0x0817, 0x00},
	{0x0818, 0x00},
	{0x0819, 0x00},
	{0x081a, 0x00},
	{0x081b, 0x00},
	{0x081c, 0x00},
	{0x081d, 0x00},
	{0x081e, 0x00},
	{0x081f, 0x00},
	{0x0820, 0x03},
	{0x0821, 0x08},
	{0x0822, 0x03},
	{0x0823, 0x08},
	{0x0824, 0x03},
	{0x0825, 0x03},
	{0x0826, 0x00},
	{0x0827, 0x00},
	{0x0828, 0x00},
	{0x0829, 0x00},
	{0x082a, 0x00},
	{0x082b, 0x00},
	{0x082c, 0x03},
	{0x082d, 0x03},
	{0x082e, 0x03},
	{0x082f, 0x03},
	{0x0830, 0x03},
	{0x0831, 0x03},
	{0x0832, 0x00},
	{0x0833, 0x00},
	{0x0834, 0x00},
	{0x0835, 0x00},
	{0x0836, 0x00},
	{0x0837, 0x00},
	{0x0838, 0x02},
	{0x0839, 0x1d},
	{0x083a, 0x02},
	{0x083b, 0x1d},
	{0x083c, 0x03},
	{0x083d, 0x03},
	{0x083e, 0x00},
	{0x083f, 0x00},
	{0x0840, 0x00},
	{0x0841, 0x00},
	{0x0842, 0x00},
	{0x0843, 0x00},
	{0x0844, 0x02},
	{0x0845, 0x15},
	{0x0846, 0x02},
	{0x0847, 0x15},
	{0x0848, 0x03},
	{0x0849, 0x03},
	{0x084a, 0x00},
	{0x084b, 0x00},
	{0x084c, 0x00},
	{0x084d, 0x00},
	{0x084e, 0x00},
	{0x084f, 0x00},
	{0x0850, 0x02},
	{0x0851, 0x0e},
	{0x0852, 0x02},
	{0x0853, 0x0e},
	{0x0854, 0x03},
	{0x0855, 0x03},
	{0x0856, 0x00},
	{0x0857, 0x00},
	{0x0858, 0x00},
	{0x0859, 0x00},
	{0x085a, 0x00},
	{0x085b, 0x00},
	{0x085c, 0x02},
	{0x085d, 0x05},
	{0x085e, 0x02},
	{0x085f, 0x05},
	{0x0860, 0x03},
	{0x0861, 0x03},
	{0x0862, 0x00},
	{0x0863, 0x00},
	{0x0864, 0x00},
	{0x0865, 0x00},
	{0x0866, 0x00},
	{0x0867, 0x00},
	{0x0868, 0x01},
	{0x0869, 0x1a},
	{0x086a, 0x01},
	{0x086b, 0x1a},
	{0x086c, 0x03},
	{0x086d, 0x03},
	{0x086e, 0x00},
	{0x086f, 0x00},
	{0x0870, 0x00},
	{0x0871, 0x00},
	{0x0872, 0x00},
	{0x0873, 0x00},
	{0x0874, 0x01},
	{0x0875, 0x0e},
	{0x0876, 0x01},
	{0x0877, 0x0e},
	{0x0878, 0x03},
	{0x0879, 0x03},
	{0x087a, 0x00},
	{0x087b, 0x00},
	{0x087c, 0x00},
	{0x087d, 0x00},
	{0x087e, 0x00},
	{0x087f, 0x00},
	{0x0880, 0x00},
	{0x0881, 0x20},
	{0x0882, 0x00},
	{0x0883, 0x20},
	{0x0884, 0x03},
	{0x0885, 0x03},
	{0x0886, 0x00},
	{0x0887, 0x00},
	{0x0888, 0x00},
	{0x0889, 0x00},
	{0x088a, 0x00},
	{0x088b, 0x00},
	{0x088c, 0x00},
	{0x088d, 0x00},
	{0x088e, 0x00},
	{0x088f, 0x00},
	{0x0890, 0x00},
	{0x0891, 0x00},
	{0x0892, 0x00},
	{0x0893, 0x00},
	{0x0894, 0x00},
	{0x0895, 0x01},
	{0x0896, 0x00},
	{0x0897, 0x00},
	{0x0898, 0x01},
	{0x0899, 0x01},
	{0x089a, 0x6b},
	{0x089b, 0x00},
	{0x089c, 0x02},
	{0x089d, 0x01},
	{0x089e, 0xfb},
	{0x089f, 0x00},
	{0x08a0, 0x03},
	{0x08a1, 0x02},
	{0x08a2, 0xd4},
	{0x08a3, 0x00},
	{0x08a4, 0x04},
	{0x08a5, 0x03},
	{0x08a6, 0xf5},
	{0x08a7, 0x00},
	{0x08a8, 0x05},
	{0x08a9, 0x05},
	{0x08aa, 0xb0},
	{0x08ab, 0x00},
	{0x08ac, 0x06},
	{0x08ad, 0x07},
	{0x08ae, 0xf6},
	{0x08af, 0x00},
	{0x08b0, 0x07},
	{0x08b1, 0x0b},
	{0x08b2, 0x30},
	{0x08b3, 0x80},
	{0x08b4, 0x06},
	{0x08b5, 0x0f},
	{0x08b6, 0x80},
	{0x08b7, 0x80},
	{0x08b8, 0x07},
	{0x05ac, 0x01},
	{0x0209, 0x01},
	{0x020a, 0x24},
	{0x0fa5, 0x00},
	{0x0204, 0x04},
	{0x0205, 0x00},
	{0x0d03, 0x00},
	{0x0d04, 0x76},
	{0x008b, 0x00},
	{0x0040, 0x22},
	{0x0042, 0x01},
	{0x0030, 0x04},
	{0x0031, 0x0b},
	{0x0032, 0x00},
	{0x0033, 0x01},
	{0x0092, 0x06},
	{0x0093, 0x3c},
	{0x0058, 0x00},
	{0x0059, 0x00},
	{0x005a, 0x00},
	{0x005b, 0x00},
	{0x005c, 0x00},
	{0x005d, 0x00},
	{0x005e, 0x00},
	{0x005f, 0x00},
	{0x0074, 0x40},
	{0x0077, 0x00},
	{0x0073, 0xc1},
	{0x0016, 0x24},
	{0x0005, 0x0b},
	{0x0006, 0x38},
	{0x0007, 0x08},
	{0x0008, 0x3b},
	{0x0009, 0x00},
	{0x000c, 0x00},
	{0x000d, 0xa5},
	{0x000e, 0x3f},
	{0x000f, 0x58},
	{0x0010, 0xdf},
	{0x0011, 0xb4},
	{0x0012, 0x64},
	{0x0013, 0x52},
	{0x0014, 0x1e},
	{0x0015, 0xd8},
	{0x0019, 0x04},
	{0x0da0, 0x0f},
	{0x04c2, 0x87},
	{0x04c3, 0x00},
	{0x04ca, 0x46},
	{0x04cb, 0x0f},
	{0x0430, 0x87},
	{0x0431, 0x08},
	{0x0432, 0x08},
	{0x0433, 0x10},
	{0x0434, 0x87},
	{0x0435, 0x0c},
	{0x0436, 0x16},
	{0x0437, 0x10},
	{0x0438, 0x83},
	{0x0439, 0x0e},
	{0x043a, 0x03},
	{0x043b, 0x10},
	{0x043c, 0x83},
	{0x043d, 0x12},
	{0x043e, 0x1a},
	{0x043f, 0x10},
	{0x0440, 0x63},
	{0x0441, 0x07},
	{0x0442, 0x18},
	{0x0443, 0x10},
	{0x0444, 0x63},
	{0x0445, 0x07},
	{0x0446, 0x18},
	{0x0447, 0x10},
	{0x0359, 0x00},
	{0x0351, 0x00},
	{0x0352, 0x38},
	{0x0353, 0x00},
	{0x0354, 0x68},
	{0x034c, 0x0f},
	{0x034d, 0xc0},
	{0x034e, 0x0b},
	{0x034f, 0xd0},
	{0x00c8, 0x00},
	{0x00c9, 0x10},
	{0x00ca, 0x00},
	{0x00cb, 0x18},
	{0x00cc, 0x0c},
	{0x00cd, 0x30},
	{0x00ce, 0x10},
	{0x00cf, 0x78},
	{0x00d8, 0x00},
	{0x00d9, 0x10},
	{0x00da, 0x00},
	{0x00db, 0x28},
	{0x00dc, 0x0c},
	{0x00dd, 0x30},
	{0x00de, 0x10},
	{0x00df, 0x68},
	{0x00c1, 0x00},
	{0x00c2, 0x03},
	{0x0110, 0x04},
	{0x0117, 0x20},
	{0x0120, 0x10},
	{0x0123, 0x36},
	{0x0124, 0x36},
	{0x012a, 0x2b},
	{0x012b, 0x00},
	{0x012c, 0x00},
	{0x012d, 0x0a},
	{0x012e, 0x08},
	{0x012f, 0x8a},
	{0x0113, 0x02},
	{0x0119, 0x05},
	{0x011a, 0x05},
	{0x0128, 0x2b},
	{0x01a8, 0xff},
	{0x01a0, 0xff},
	{0x01a1, 0x0d},
	{0x01a2, 0x0f},
	{0x01a3, 0x35},
	{0x01a4, 0x01},
	{0x01a5, 0x10},
	{0x01a6, 0x0d},
	{0x01a7, 0x38},
	{0x01a9, 0x0f},
	{0x01aa, 0x18},
	{0x01ab, 0x0d},
	{0x0aff, 0x00},
	{0x0aff, 0x00},
	{0x0aff, 0x00},
	{0x0aff, 0x00},
	{0x0aff, 0x00},
	{0x0aff, 0x00},
	{0x0aff, 0x00},
	{0x0aff, 0x00},
	{0x0aff, 0x00},
	{0x0aff, 0x00},
	{0x0aff, 0x00},
	{0x0aff, 0x00},
	{0x0aff, 0x00},
	{0x0aff, 0x00},
	{0x0aff, 0x00},
	{0x0aff, 0x00},
	{0x0aff, 0x00},
	{0x0aff, 0x00},
	{0x0aff, 0x00},
	{0x0aff, 0x00},
	{0x0aff, 0x00},
	{0x0aff, 0x00},
	{0x0aff, 0x00},
	{0x0aff, 0x00},
	{0x0aff, 0x00},
	{0x0aff, 0x00},
	{0x0aff, 0x00},
	{0x0aff, 0x00},
	{0x0aff, 0x00},
	{0x0aff, 0x00},
	{0x0aff, 0x00},
	{0x0aff, 0x00},
	{0x0aff, 0x00},
	{0x0aff, 0x00},
	{0x0aff, 0x00},
	{0x0aff, 0x00},
	{0x0aff, 0x00},
	{0x0aff, 0x00},
	{0x0aff, 0x00},
	{0x0aff, 0x00},
	{0x0aff, 0x00},
	{0x0aff, 0x00},
	{0x0aff, 0x00},
	{0x0aff, 0x00},
	{0x0aff, 0x00},
	{0x0aff, 0x00},
	{0x0aff, 0x00},
	{0x0aff, 0x00},
	{0x0aff, 0x00},
	{0x0aff, 0x00},
	{0x0aff, 0x00},
	{0x0aff, 0x00},
	{0x0aff, 0x00},
	{0x0aff, 0x00},
	{0x0aff, 0x00},
	{0x0aff, 0x00},
	{0x0aff, 0x00},
	{0x0aff, 0x00},
	{0x0aff, 0x00},
	{0x0aff, 0x00},
	{0x0aff, 0x00},
	{0x0aff, 0x00},
	{0x0aff, 0x00},
	{0x0aff, 0x00},
	{0x0aff, 0x00},
	{0x0aff, 0x00},
	{0x0aff, 0x00},
	{0x0aff, 0x00},
	{0x0aff, 0x00},
	{0x0aff, 0x00},
	{0x0aff, 0x00},
	{0x0aff, 0x00},
	{0x0aff, 0x00},
	{0x0aff, 0x00},
	{0x0aff, 0x00},
	{0x0aff, 0x00},
	{0x0aff, 0x00},
	{0x0aff, 0x00},
	{0x0aff, 0x00},
	{0x0aff, 0x00},
	{0x0aff, 0x00},
	{0x0aff, 0x00},
	{0x0aff, 0x00},
	{0x0aff, 0x00},
	{0x0aff, 0x00},
	{0x0aff, 0x00},
	{0x0aff, 0x00},
	{0x0aff, 0x00},
	{0x0aff, 0x00},
	{0x0aff, 0x00},
	{0x0aff, 0x00},
	{0x0aff, 0x00},
	{0x0aff, 0x00},
	{0x0aff, 0x00},
	{0x0aff, 0x00},
	{0x0aff, 0x00},
	{0x0aff, 0x00},
	{0x0aff, 0x00},
	{0x0aff, 0x00},
	{0x0aff, 0x00},
	{0x0aff, 0x00},
	{0x0aff, 0x00},
	{0x0aff, 0x00},
	{0x0aff, 0x00},
	{0x0aff, 0x00},
	{0x0aff, 0x00},
	{0x0aff, 0x00},
	{0x0aff, 0x00},
	{0x0aff, 0x00},
	{0x0aff, 0x00},
	{0x0aff, 0x00},
	{0x0aff, 0x00},
	{0x0aff, 0x00},
	{0x0aff, 0x00},
	{0x0aff, 0x00},
	{0x0aff, 0x00},
	{0x0aff, 0x00},
	{0x0aff, 0x00},
	{0x0aff, 0x00},
	{0x0aff, 0x00},
	{0x0aff, 0x00},
	{0x0aff, 0x00},
	{0x0aff, 0x00},
	{0x0aff, 0x00},
	{0x0aff, 0x00},
	{0x0aff, 0x00},
	{0x0aff, 0x00},
	{0x0aff, 0x00},
	{0x0aff, 0x00},
	{0x0aff, 0x00},
	{0x0aff, 0x00},
	{0x0aff, 0x00},
	{0x0aff, 0x00},
	{0x0aff, 0x00},
	{0x0aff, 0x00},
	{0x0aff, 0x00},
	{0x0aff, 0x00},
	{0x0aff, 0x00},
	{0x0aff, 0x00},
	{0x0aff, 0x00},
	{0x0aff, 0x00},
	{0x0aff, 0x00},
	{0x0aff, 0x00},
	{0x0aff, 0x00},
	{0x0aff, 0x00},
	{0x0aff, 0x00},
	{0x0aff, 0x00},
	{0x0aff, 0x00},
	{0x0aff, 0x00},
	{0x0aff, 0x00},
	{0x0a90, 0x41},
	{0x0a94, 0x80},
	{0x0aff, 0x00},
	{0x0aff, 0x00},
	{0x0aff, 0x00},
	{0x0aff, 0x00},
	{0x0aff, 0x00},
	{0x0aff, 0x00},
	{0x0aff, 0x00},
	{0x0aff, 0x00},
	{0x0aff, 0x00},
	{0x0aff, 0x00},
	{0x0aff, 0x00},
	{0x0aff, 0x00},
	{0x0a90, 0x00},
	{0x0314, 0x70},
	{0x0089, 0x02},
	{0x00bc, 0x03},
	{0x00bd, 0x00},
	{0x0ad0, 0x03},
	{0x0004, 0x07},
	{0x0da2, 0x01},
	{0x0080, 0x30},
	{0x0061, 0x40},
	{0x0084, 0x01},
	{REG_NULL, 0x00},
};

/*
 * Xclk 24Mhz
 * max_framerate 60fps
 * mipi_datarate per lane 1504Mbps, 2lane
 * GC13B0 13M MIPI DPHY 2L RAW10 2016x1512 60fps 1504Mbps 20250521.txt
 */
static const struct regval gc13b0_linear_10bit_2016x1512_60fps_2lane_regs[] = {
	{0x0315, 0xd3},
	{0x031c, 0xe0},
	{0x031a, 0x06},
	{0x0fe2, 0x17},
	{0x0f9b, 0xc9},
	{0x0900, 0x10},
	{0x0fbf, 0x36},
	{0x0fd2, 0x36},
	{0x0fc1, 0x00},
	{0x0fc2, 0x4e},
	{0x0fcb, 0x0c},
	{0x0fc4, 0x44},
	{0x0fc5, 0xb4},
	{0x0fd4, 0x20},
	{0x0fd5, 0xbc},
	{0x0fdc, 0x01},
	{0x0fd6, 0x23},
	{0x0901, 0x00},
	{0x0fd3, 0x07},
	{0x0fc0, 0xb0},
	{0x0fc3, 0xb0},
	{0x0511, 0x05},
	{0x0da1, 0x49},
	{0x0004, 0x06},
	{0x001f, 0x00},
	{0x0da2, 0x00},
	{0x0da3, 0x01},
	{0x04c0, 0x51},
	{0x04c1, 0x2a},
	{0x04c2, 0x00},
	{0x0ad2, 0x51},
	{0x0ad3, 0x01},
	{0x0ad0, 0x02},
	{0x0ad5, 0x02},
	{0x0ad6, 0x10},
	{0x0ad7, 0x90},
	{0x0ad8, 0x0c},
	{0x0ad9, 0x40},
	{0x0ada, 0x00},
	{0x0adb, 0x00},
	{0x0adc, 0x00},
	{0x0add, 0x00},
	{0x0aae, 0x00},
	{0x0aaf, 0xe0},
	{0x0ab2, 0x26},
	{0x0ab3, 0x78},
	{0x0ab6, 0x45},
	{0x0ab7, 0x40},
	{0x0aab, 0x45},
	{0x0aac, 0x88},
	{0x0aa9, 0x46},
	{0x0aaa, 0x20},
	{0x0aa6, 0x0a},
	{0x0aa7, 0x46},
	{0x0aa8, 0x98},
	{0x0ab0, 0x48},
	{0x0ab1, 0x90},
	{0x0a93, 0x44},
	{0x0a92, 0x40},
	{0x0a91, 0xf6},
	{0x0a90, 0xb7},
	{0x0a94, 0x80},
	{0x0f08, 0x03},
	{0x0f0a, 0x60},
	{0x0519, 0x06},
	{0x0247, 0x0f},
	{0x0248, 0x08},
	{0x024c, 0x24},
	{0x0250, 0xf8},
	{0x0580, 0x4a},
	{0x0516, 0x0c},
	{0x0210, 0x20},
	{0x0212, 0x05},
	{0x0215, 0x04},
	{0x0218, 0x0c},
	{0x021a, 0x88},
	{0x021c, 0x0c},
	{0x021d, 0x68},
	{0x0220, 0x00},
	{0x0221, 0x02},
	{0x0222, 0x02},
	{0x0252, 0x03},
	{0x0253, 0x10},
	{0x02e6, 0x03},
	{0x02e7, 0x3a},
	{0x0f90, 0x00},
	{0x0f91, 0x14},
	{0x0f92, 0x08},
	{0x0f93, 0x5a},
	{0x0f94, 0x08},
	{0x0346, 0x00},
	{0x0347, 0x28},
	{0x0348, 0x10},
	{0x0349, 0x90},
	{0x034a, 0x0c},
	{0x034b, 0x40},
	{0x0226, 0x0c},
	{0x0227, 0xf0},
	{0x0340, 0x03},
	{0x0341, 0x7c},
	{0x0202, 0x03},
	{0x0203, 0x20},
	{0x0342, 0x03},
	{0x0343, 0x48},
	{0x024d, 0x01},
	{0x024e, 0x0f},
	{0x024f, 0x04},
	{0x0ec3, 0xff},
	{0x0ec4, 0x99},
	{0x0eca, 0x00},
	{0x0ecd, 0x00},
	{0x0e59, 0x00},
	{0x0fa7, 0x3f},
	{0x0fbc, 0xad},
	{0x0fc9, 0x60},
	{0x0fa9, 0x65},
	{0x0fab, 0x00},
	{0x0fe0, 0x00},
	{0x0e17, 0x20},
	{0x0e35, 0x20},
	{0x0e03, 0x00},
	{0x0e04, 0x40},
	{0x0e05, 0x00},
	{0x0e06, 0x20},
	{0x0e1b, 0x00},
	{0x0e1c, 0x42},
	{0x0fb3, 0xef},
	{0x0fb5, 0x31},
	{0x0fd0, 0x05},
	{0x0fd1, 0x1a},
	{0x0f6d, 0x0e},
	{0x0f9d, 0x1c},
	{0x0e0d, 0x36},
	{0x0e1e, 0x36},
	{0x0e72, 0x36},
	{0x0e73, 0x36},
	{0x0e0e, 0x1d},
	{0x0e1f, 0x00},
	{0x0e20, 0xc2},
	{0x0e2c, 0x00},
	{0x0e2d, 0xf8},
	{0x02d0, 0x01},
	{0x0f2f, 0x03},
	{0x0f38, 0x1f},
	{0x0106, 0x00},
	{0x0595, 0x09},
	{0x05a3, 0x09},
	{0x05a4, 0x0c},
	{0x0590, 0x00},
	{0x0591, 0x8c},
	{0x05a5, 0x00},
	{0x05a6, 0x00},
	{0x05a7, 0x10},
	{0x05ac, 0x00},
	{0x05ad, 0x01},
	{0x05ae, 0x00},
	{0x0800, 0x05},
	{0x0801, 0x06},
	{0x0802, 0x09},
	{0x0803, 0x0e},
	{0x0804, 0x14},
	{0x0805, 0x1c},
	{0x0806, 0x28},
	{0x0807, 0x39},
	{0x0808, 0x0e},
	{0x0809, 0x39},
	{0x080a, 0x0e},
	{0x080b, 0x3a},
	{0x080c, 0x0e},
	{0x080d, 0x70},
	{0x080e, 0x0e},
	{0x080f, 0x71},
	{0x0810, 0x0e},
	{0x0811, 0x0b},
	{0x0812, 0x0e},
	{0x0813, 0x1d},
	{0x0814, 0x0e},
	{0x0815, 0x51},
	{0x0816, 0x00},
	{0x0817, 0x00},
	{0x0818, 0x00},
	{0x0819, 0x00},
	{0x081a, 0x00},
	{0x081b, 0x00},
	{0x081c, 0x00},
	{0x081d, 0x00},
	{0x081e, 0x00},
	{0x081f, 0x00},
	{0x0820, 0x03},
	{0x0821, 0x18},
	{0x0822, 0x03},
	{0x0823, 0x18},
	{0x0824, 0x03},
	{0x0825, 0x03},
	{0x0826, 0x00},
	{0x0827, 0x00},
	{0x0828, 0x00},
	{0x0829, 0x00},
	{0x082a, 0x00},
	{0x082b, 0x00},
	{0x082c, 0x03},
	{0x082d, 0x14},
	{0x082e, 0x03},
	{0x082f, 0x14},
	{0x0830, 0x03},
	{0x0831, 0x03},
	{0x0832, 0x00},
	{0x0833, 0x00},
	{0x0834, 0x00},
	{0x0835, 0x00},
	{0x0836, 0x00},
	{0x0837, 0x00},
	{0x0838, 0x03},
	{0x0839, 0x10},
	{0x083a, 0x03},
	{0x083b, 0x10},
	{0x083c, 0x03},
	{0x083d, 0x03},
	{0x083e, 0x00},
	{0x083f, 0x00},
	{0x0840, 0x00},
	{0x0841, 0x00},
	{0x0842, 0x00},
	{0x0843, 0x00},
	{0x0844, 0x03},
	{0x0845, 0x0c},
	{0x0846, 0x03},
	{0x0847, 0x0c},
	{0x0848, 0x03},
	{0x0849, 0x03},
	{0x084a, 0x00},
	{0x084b, 0x00},
	{0x084c, 0x00},
	{0x084d, 0x00},
	{0x084e, 0x00},
	{0x084f, 0x00},
	{0x0850, 0x03},
	{0x0851, 0x07},
	{0x0852, 0x03},
	{0x0853, 0x07},
	{0x0854, 0x03},
	{0x0855, 0x03},
	{0x0856, 0x00},
	{0x0857, 0x00},
	{0x0858, 0x00},
	{0x0859, 0x00},
	{0x085a, 0x00},
	{0x085b, 0x00},
	{0x085c, 0x02},
	{0x085d, 0x20},
	{0x085e, 0x02},
	{0x085f, 0x20},
	{0x0860, 0x03},
	{0x0861, 0x03},
	{0x0862, 0x00},
	{0x0863, 0x00},
	{0x0864, 0x00},
	{0x0865, 0x00},
	{0x0866, 0x00},
	{0x0867, 0x00},
	{0x0868, 0x02},
	{0x0869, 0x1a},
	{0x086a, 0x02},
	{0x086b, 0x1a},
	{0x086c, 0x03},
	{0x086d, 0x03},
	{0x086e, 0x00},
	{0x086f, 0x00},
	{0x0870, 0x00},
	{0x0871, 0x00},
	{0x0872, 0x00},
	{0x0873, 0x00},
	{0x0874, 0x02},
	{0x0875, 0x12},
	{0x0876, 0x02},
	{0x0877, 0x12},
	{0x0878, 0x03},
	{0x0879, 0x03},
	{0x087a, 0x00},
	{0x087b, 0x00},
	{0x087c, 0x00},
	{0x087d, 0x00},
	{0x087e, 0x00},
	{0x087f, 0x00},
	{0x0880, 0x02},
	{0x0881, 0x0a},
	{0x0882, 0x02},
	{0x0883, 0x0a},
	{0x0884, 0x03},
	{0x0885, 0x03},
	{0x0886, 0x00},
	{0x0887, 0x00},
	{0x0888, 0x00},
	{0x0889, 0x00},
	{0x088a, 0x00},
	{0x088b, 0x00},
	{0x088c, 0x00},
	{0x088d, 0x00},
	{0x088e, 0x00},
	{0x088f, 0x00},
	{0x0890, 0x00},
	{0x0891, 0x00},
	{0x0892, 0x00},
	{0x0893, 0x00},
	{0x0894, 0x00},
	{0x0895, 0x01},
	{0x0896, 0x00},
	{0x0897, 0x00},
	{0x0898, 0x01},
	{0x0899, 0x01},
	{0x089a, 0x6b},
	{0x089b, 0x00},
	{0x089c, 0x02},
	{0x089d, 0x01},
	{0x089e, 0xfb},
	{0x089f, 0x00},
	{0x08a0, 0x03},
	{0x08a1, 0x02},
	{0x08a2, 0xd4},
	{0x08a3, 0x00},
	{0x08a4, 0x04},
	{0x08a5, 0x03},
	{0x08a6, 0xf5},
	{0x08a7, 0x00},
	{0x08a8, 0x05},
	{0x08a9, 0x05},
	{0x08aa, 0xb0},
	{0x08ab, 0x00},
	{0x08ac, 0x06},
	{0x08ad, 0x07},
	{0x08ae, 0xf6},
	{0x08af, 0x00},
	{0x08b0, 0x07},
	{0x08b1, 0x0b},
	{0x08b2, 0x30},
	{0x08b3, 0x80},
	{0x08b4, 0x06},
	{0x08b5, 0x0f},
	{0x08b6, 0x80},
	{0x08b7, 0x80},
	{0x08b8, 0x07},
	{0x05ac, 0x01},
	{0x0209, 0x01},
	{0x020a, 0x24},
	{0x0fa5, 0x00},
	{0x0204, 0x04},
	{0x0205, 0x00},
	{0x0d03, 0x00},
	{0x0d04, 0x76},
	{0x008b, 0x1b},
	{0x0040, 0x22},
	{0x0042, 0x01},
	{0x0030, 0x04},
	{0x0031, 0x0a},
	{0x0032, 0x00},
	{0x0033, 0x03},
	{0x0092, 0x06},
	{0x0093, 0x3c},
	{0x0058, 0x00},
	{0x0059, 0x00},
	{0x005a, 0x00},
	{0x005b, 0x00},
	{0x005c, 0x00},
	{0x005d, 0x00},
	{0x005e, 0x00},
	{0x005f, 0x00},
	{0x0074, 0x40},
	{0x0077, 0x00},
	{0x0073, 0xc1},
	{0x0016, 0x24},
	{0x0005, 0x0b},
	{0x0006, 0x18},
	{0x0007, 0x86},
	{0x0008, 0x3b},
	{0x0009, 0x00},
	{0x000c, 0x00},
	{0x000d, 0x95},
	{0x000e, 0x3f},
	{0x000f, 0x58},
	{0x0010, 0x6f},
	{0x0011, 0xb4},
	{0x0012, 0x64},
	{0x0013, 0x52},
	{0x0014, 0x1e},
	{0x0015, 0xd8},
	{0x0019, 0x02},
	{0x0da0, 0x0f},
	{0x04c2, 0x87},
	{0x04c3, 0x00},
	{0x04ca, 0x46},
	{0x04cb, 0x0f},
	{0x0430, 0x87},
	{0x0431, 0x08},
	{0x0432, 0x08},
	{0x0433, 0x10},
	{0x0434, 0x87},
	{0x0435, 0x0c},
	{0x0436, 0x16},
	{0x0437, 0x10},
	{0x0438, 0x83},
	{0x0439, 0x0e},
	{0x043a, 0x03},
	{0x043b, 0x10},
	{0x043c, 0x83},
	{0x043d, 0x12},
	{0x043e, 0x1a},
	{0x043f, 0x10},
	{0x0440, 0x63},
	{0x0441, 0x07},
	{0x0442, 0x18},
	{0x0443, 0x10},
	{0x0444, 0x63},
	{0x0445, 0x07},
	{0x0446, 0x18},
	{0x0447, 0x10},
	{0x0359, 0x00},
	{0x0351, 0x00},
	{0x0352, 0x1c},
	{0x0353, 0x00},
	{0x0354, 0x34},
	{0x034c, 0x07},
	{0x034d, 0xe0},
	{0x034e, 0x05},
	{0x034f, 0xe8},
	{0x00c8, 0x00},
	{0x00c9, 0x10},
	{0x00ca, 0x00},
	{0x00cb, 0x18},
	{0x00cc, 0x0c},
	{0x00cd, 0x30},
	{0x00ce, 0x10},
	{0x00cf, 0x78},
	{0x00d8, 0x00},
	{0x00d9, 0x10},
	{0x00da, 0x00},
	{0x00db, 0x28},
	{0x00dc, 0x0c},
	{0x00dd, 0x30},
	{0x00de, 0x10},
	{0x00df, 0x68},
	{0x00c2, 0x03},
	{0x0110, 0x04},
	{0x0120, 0x10},
	{0x012c, 0x00},
	{0x012d, 0x0a},
	{0x0113, 0x02},
	{0x0119, 0x05},
	{0x011a, 0x05},
	{0x0128, 0x2b},
	{0x01a8, 0xff},
	{0x01a0, 0xff},
	{0x01a1, 0x0d},
	{0x01a2, 0x0f},
	{0x01a3, 0x35},
	{0x01a4, 0x01},
	{0x01a5, 0x10},
	{0x01a6, 0x0d},
	{0x01a7, 0x38},
	{0x01a9, 0x0f},
	{0x01aa, 0x18},
	{0x01ab, 0x0d},
	{0x0aff, 0x00},
	{0x0aff, 0x00},
	{0x0aff, 0x00},
	{0x0aff, 0x00},
	{0x0aff, 0x00},
	{0x0aff, 0x00},
	{0x0aff, 0x00},
	{0x0aff, 0x00},
	{0x0aff, 0x00},
	{0x0aff, 0x00},
	{0x0aff, 0x00},
	{0x0aff, 0x00},
	{0x0aff, 0x00},
	{0x0aff, 0x00},
	{0x0aff, 0x00},
	{0x0aff, 0x00},
	{0x0aff, 0x00},
	{0x0aff, 0x00},
	{0x0aff, 0x00},
	{0x0aff, 0x00},
	{0x0aff, 0x00},
	{0x0aff, 0x00},
	{0x0aff, 0x00},
	{0x0aff, 0x00},
	{0x0aff, 0x00},
	{0x0aff, 0x00},
	{0x0aff, 0x00},
	{0x0aff, 0x00},
	{0x0aff, 0x00},
	{0x0aff, 0x00},
	{0x0aff, 0x00},
	{0x0aff, 0x00},
	{0x0aff, 0x00},
	{0x0aff, 0x00},
	{0x0aff, 0x00},
	{0x0aff, 0x00},
	{0x0aff, 0x00},
	{0x0aff, 0x00},
	{0x0aff, 0x00},
	{0x0aff, 0x00},
	{0x0aff, 0x00},
	{0x0aff, 0x00},
	{0x0aff, 0x00},
	{0x0aff, 0x00},
	{0x0aff, 0x00},
	{0x0aff, 0x00},
	{0x0aff, 0x00},
	{0x0aff, 0x00},
	{0x0aff, 0x00},
	{0x0aff, 0x00},
	{0x0aff, 0x00},
	{0x0aff, 0x00},
	{0x0aff, 0x00},
	{0x0aff, 0x00},
	{0x0aff, 0x00},
	{0x0aff, 0x00},
	{0x0aff, 0x00},
	{0x0aff, 0x00},
	{0x0aff, 0x00},
	{0x0aff, 0x00},
	{0x0aff, 0x00},
	{0x0aff, 0x00},
	{0x0aff, 0x00},
	{0x0aff, 0x00},
	{0x0aff, 0x00},
	{0x0aff, 0x00},
	{0x0aff, 0x00},
	{0x0aff, 0x00},
	{0x0aff, 0x00},
	{0x0aff, 0x00},
	{0x0aff, 0x00},
	{0x0aff, 0x00},
	{0x0aff, 0x00},
	{0x0aff, 0x00},
	{0x0aff, 0x00},
	{0x0aff, 0x00},
	{0x0aff, 0x00},
	{0x0aff, 0x00},
	{0x0aff, 0x00},
	{0x0aff, 0x00},
	{0x0aff, 0x00},
	{0x0aff, 0x00},
	{0x0aff, 0x00},
	{0x0aff, 0x00},
	{0x0aff, 0x00},
	{0x0aff, 0x00},
	{0x0aff, 0x00},
	{0x0aff, 0x00},
	{0x0aff, 0x00},
	{0x0aff, 0x00},
	{0x0aff, 0x00},
	{0x0aff, 0x00},
	{0x0aff, 0x00},
	{0x0aff, 0x00},
	{0x0aff, 0x00},
	{0x0aff, 0x00},
	{0x0aff, 0x00},
	{0x0aff, 0x00},
	{0x0aff, 0x00},
	{0x0aff, 0x00},
	{0x0aff, 0x00},
	{0x0aff, 0x00},
	{0x0aff, 0x00},
	{0x0aff, 0x00},
	{0x0aff, 0x00},
	{0x0aff, 0x00},
	{0x0aff, 0x00},
	{0x0aff, 0x00},
	{0x0aff, 0x00},
	{0x0aff, 0x00},
	{0x0aff, 0x00},
	{0x0aff, 0x00},
	{0x0aff, 0x00},
	{0x0aff, 0x00},
	{0x0aff, 0x00},
	{0x0aff, 0x00},
	{0x0aff, 0x00},
	{0x0aff, 0x00},
	{0x0aff, 0x00},
	{0x0aff, 0x00},
	{0x0aff, 0x00},
	{0x0aff, 0x00},
	{0x0aff, 0x00},
	{0x0aff, 0x00},
	{0x0aff, 0x00},
	{0x0aff, 0x00},
	{0x0aff, 0x00},
	{0x0aff, 0x00},
	{0x0aff, 0x00},
	{0x0aff, 0x00},
	{0x0aff, 0x00},
	{0x0aff, 0x00},
	{0x0aff, 0x00},
	{0x0aff, 0x00},
	{0x0aff, 0x00},
	{0x0aff, 0x00},
	{0x0aff, 0x00},
	{0x0aff, 0x00},
	{0x0aff, 0x00},
	{0x0aff, 0x00},
	{0x0aff, 0x00},
	{0x0aff, 0x00},
	{0x0aff, 0x00},
	{0x0aff, 0x00},
	{0x0aff, 0x00},
	{0x0aff, 0x00},
	{0x0aff, 0x00},
	{0x0aff, 0x00},
	{0x0aff, 0x00},
	{0x0aff, 0x00},
	{0x0a90, 0x41},
	{0x0a94, 0x80},
	{0x0aff, 0x00},
	{0x0aff, 0x00},
	{0x0aff, 0x00},
	{0x0aff, 0x00},
	{0x0aff, 0x00},
	{0x0aff, 0x00},
	{0x0aff, 0x00},
	{0x0aff, 0x00},
	{0x0aff, 0x00},
	{0x0aff, 0x00},
	{0x0aff, 0x00},
	{0x0aff, 0x00},
	{0x0a90, 0x00},
	{0x0314, 0x70},
	{0x0089, 0x02},
	{0x00bc, 0x03},
	{0x00bd, 0x00},
	{0x0ad0, 0x03},
	{0x0004, 0x07},
	{0x0da2, 0x01},
	{0x0080, 0x30},
	{0x0061, 0x40},
	{0x0084, 0x01},
	{REG_NULL, 0x00},
};

/*
 * Xclk 24Mhz
 * max_framerate 90fps
 * mipi_datarate per lane 1504Mbps, 2lane
 * GC13B0 13M MIPI DPHY 2L RAW10 1920x1080 90fps 1504Mbps 20250521.txt
 */
static const struct regval gc13b0_linear_10bit_1920x1080_90fps_2lane_regs[] = {
	{0x0315, 0xd5},
	{0x031c, 0xe0},
	{0x031a, 0x06},
	{0x0fe2, 0x17},
	{0x0f9b, 0xc9},
	{0x0900, 0x10},
	{0x0fbf, 0x36},
	{0x0fd2, 0x36},
	{0x0fc1, 0x04},
	{0x0fc2, 0x4e},
	{0x0fcb, 0x0c},
	{0x0fc4, 0x40},
	{0x0fc5, 0x8a},
	{0x0fd4, 0x20},
	{0x0fd5, 0xbc},
	{0x0fdc, 0x01},
	{0x0fd6, 0x23},
	{0x0901, 0x00},
	{0x0fd3, 0x07},
	{0x0fc0, 0xb0},
	{0x0fc3, 0xb0},
	{0x0511, 0x05},
	{0x0da1, 0x49},
	{0x0004, 0x06},
	{0x001f, 0x00},
	{0x0da2, 0x00},
	{0x0da3, 0x01},
	{0x04c0, 0x51},
	{0x04c1, 0x2a},
	{0x04c2, 0x00},
	{0x0ad2, 0x51},
	{0x0ad3, 0x01},
	{0x0ad0, 0x02},
	{0x0ad5, 0x02},
	{0x0ad6, 0x10},
	{0x0ad7, 0x90},
	{0x0ad8, 0x08},
	{0x0ad9, 0x80},
	{0x0ada, 0x00},
	{0x0adb, 0x00},
	{0x0adc, 0x00},
	{0x0add, 0x00},
	{0x0aae, 0x00},
	{0x0aaf, 0xe0},
	{0x0ab2, 0x26},
	{0x0ab3, 0x78},
	{0x0ab6, 0x45},
	{0x0ab7, 0x40},
	{0x0aab, 0x45},
	{0x0aac, 0x88},
	{0x0aa9, 0x46},
	{0x0aaa, 0x20},
	{0x0aa6, 0x0a},
	{0x0aa7, 0x46},
	{0x0aa8, 0x98},
	{0x0ab0, 0x48},
	{0x0ab1, 0x90},
	{0x0a93, 0x44},
	{0x0a92, 0x40},
	{0x0a91, 0xf6},
	{0x0a90, 0xb7},
	{0x0a94, 0x80},
	{0x0f08, 0x03},
	{0x0f0a, 0x60},
	{0x0519, 0x06},
	{0x0247, 0x14},
	{0x0248, 0x08},
	{0x024c, 0x24},
	{0x0250, 0xf8},
	{0x0580, 0x4a},
	{0x0516, 0x0c},
	{0x0210, 0x20},
	{0x0212, 0x05},
	{0x0215, 0x04},
	{0x0218, 0x0c},
	{0x021a, 0x88},
	{0x021c, 0x0c},
	{0x021d, 0x68},
	{0x0220, 0x00},
	{0x0221, 0x02},
	{0x0222, 0x02},
	{0x0252, 0x03},
	{0x0253, 0x10},
	{0x02e6, 0x03},
	{0x02e7, 0x3a},
	{0x0f90, 0x00},
	{0x0f91, 0x14},
	{0x0f92, 0x08},
	{0x0f93, 0x5a},
	{0x0f94, 0x08},
	{0x0346, 0x02},
	{0x0347, 0x08},
	{0x0348, 0x10},
	{0x0349, 0x90},
	{0x034a, 0x08},
	{0x034b, 0x80},
	{0x0226, 0x09},
	{0x0227, 0xa0},
	{0x0340, 0x02},
	{0x0341, 0xa8},
	{0x0202, 0x02},
	{0x0203, 0x98},
	{0x0342, 0x04},
	{0x0343, 0x60},
	{0x024d, 0x01},
	{0x024e, 0x0f},
	{0x024f, 0x04},
	{0x0ec3, 0xff},
	{0x0ec4, 0x99},
	{0x0eca, 0x00},
	{0x0ecd, 0x00},
	{0x0e59, 0x00},
	{0x0fa7, 0x3f},
	{0x0fbc, 0xad},
	{0x0fc9, 0x60},
	{0x0fa9, 0x65},
	{0x0fab, 0x00},
	{0x0fe0, 0x00},
	{0x0e17, 0x20},
	{0x0e35, 0x20},
	{0x0e03, 0x00},
	{0x0e04, 0x40},
	{0x0e05, 0x00},
	{0x0e06, 0x20},
	{0x0e1b, 0x00},
	{0x0e1c, 0x42},
	{0x0fb3, 0xef},
	{0x0fb5, 0x31},
	{0x0fd0, 0x05},
	{0x0fd1, 0x1a},
	{0x0f6d, 0x0e},
	{0x0f9d, 0x1c},
	{0x0e0d, 0x36},
	{0x0e1e, 0x36},
	{0x0e72, 0x36},
	{0x0e73, 0x36},
	{0x0e0e, 0x1d},
	{0x0e1f, 0x00},
	{0x0e20, 0xc2},
	{0x0e2c, 0x00},
	{0x0e2d, 0xf8},
	{0x02d0, 0x01},
	{0x0f2f, 0x03},
	{0x0f38, 0x1f},
	{0x0106, 0x00},
	{0x0595, 0x09},
	{0x05a3, 0x09},
	{0x05a4, 0x0c},
	{0x0590, 0x00},
	{0x0591, 0x8c},
	{0x05a5, 0x00},
	{0x05a6, 0x00},
	{0x05a7, 0x10},
	{0x05ac, 0x00},
	{0x05ad, 0x01},
	{0x05ae, 0x00},
	{0x0800, 0x05},
	{0x0801, 0x06},
	{0x0802, 0x09},
	{0x0803, 0x0e},
	{0x0804, 0x14},
	{0x0805, 0x1c},
	{0x0806, 0x28},
	{0x0807, 0x39},
	{0x0808, 0x0e},
	{0x0809, 0x39},
	{0x080a, 0x0e},
	{0x080b, 0x3a},
	{0x080c, 0x0e},
	{0x080d, 0x70},
	{0x080e, 0x0e},
	{0x080f, 0x71},
	{0x0810, 0x0e},
	{0x0811, 0x0b},
	{0x0812, 0x0e},
	{0x0813, 0x1d},
	{0x0814, 0x0e},
	{0x0815, 0x51},
	{0x0816, 0x00},
	{0x0817, 0x00},
	{0x0818, 0x00},
	{0x0819, 0x00},
	{0x081a, 0x00},
	{0x081b, 0x00},
	{0x081c, 0x00},
	{0x081d, 0x00},
	{0x081e, 0x00},
	{0x081f, 0x00},
	{0x0820, 0x03},
	{0x0821, 0x10},
	{0x0822, 0x03},
	{0x0823, 0x10},
	{0x0824, 0x03},
	{0x0825, 0x03},
	{0x0826, 0x00},
	{0x0827, 0x00},
	{0x0828, 0x00},
	{0x0829, 0x00},
	{0x082a, 0x00},
	{0x082b, 0x00},
	{0x082c, 0x03},
	{0x082d, 0x0c},
	{0x082e, 0x03},
	{0x082f, 0x0c},
	{0x0830, 0x03},
	{0x0831, 0x03},
	{0x0832, 0x00},
	{0x0833, 0x00},
	{0x0834, 0x00},
	{0x0835, 0x00},
	{0x0836, 0x00},
	{0x0837, 0x00},
	{0x0838, 0x03},
	{0x0839, 0x07},
	{0x083a, 0x03},
	{0x083b, 0x07},
	{0x083c, 0x03},
	{0x083d, 0x03},
	{0x083e, 0x00},
	{0x083f, 0x00},
	{0x0840, 0x00},
	{0x0841, 0x00},
	{0x0842, 0x00},
	{0x0843, 0x00},
	{0x0844, 0x02},
	{0x0845, 0x20},
	{0x0846, 0x02},
	{0x0847, 0x20},
	{0x0848, 0x03},
	{0x0849, 0x03},
	{0x084a, 0x00},
	{0x084b, 0x00},
	{0x084c, 0x00},
	{0x084d, 0x00},
	{0x084e, 0x00},
	{0x084f, 0x00},
	{0x0850, 0x02},
	{0x0851, 0x1b},
	{0x0852, 0x02},
	{0x0853, 0x1b},
	{0x0854, 0x03},
	{0x0855, 0x03},
	{0x0856, 0x00},
	{0x0857, 0x00},
	{0x0858, 0x00},
	{0x0859, 0x00},
	{0x085a, 0x00},
	{0x085b, 0x00},
	{0x085c, 0x02},
	{0x085d, 0x13},
	{0x085e, 0x02},
	{0x085f, 0x13},
	{0x0860, 0x03},
	{0x0861, 0x03},
	{0x0862, 0x00},
	{0x0863, 0x00},
	{0x0864, 0x00},
	{0x0865, 0x00},
	{0x0866, 0x00},
	{0x0867, 0x00},
	{0x0868, 0x02},
	{0x0869, 0x0c},
	{0x086a, 0x02},
	{0x086b, 0x0c},
	{0x086c, 0x03},
	{0x086d, 0x03},
	{0x086e, 0x00},
	{0x086f, 0x00},
	{0x0870, 0x00},
	{0x0871, 0x00},
	{0x0872, 0x00},
	{0x0873, 0x00},
	{0x0874, 0x01},
	{0x0875, 0x1f},
	{0x0876, 0x01},
	{0x0877, 0x1f},
	{0x0878, 0x03},
	{0x0879, 0x03},
	{0x087a, 0x00},
	{0x087b, 0x00},
	{0x087c, 0x00},
	{0x087d, 0x00},
	{0x087e, 0x00},
	{0x087f, 0x00},
	{0x0880, 0x01},
	{0x0881, 0x15},
	{0x0882, 0x01},
	{0x0883, 0x15},
	{0x0884, 0x03},
	{0x0885, 0x03},
	{0x0886, 0x00},
	{0x0887, 0x00},
	{0x0888, 0x00},
	{0x0889, 0x00},
	{0x088a, 0x00},
	{0x088b, 0x00},
	{0x088c, 0x00},
	{0x088d, 0x00},
	{0x088e, 0x00},
	{0x088f, 0x00},
	{0x0890, 0x00},
	{0x0891, 0x00},
	{0x0892, 0x00},
	{0x0893, 0x00},
	{0x0894, 0x00},
	{0x0895, 0x01},
	{0x0896, 0x00},
	{0x0897, 0x00},
	{0x0898, 0x01},
	{0x0899, 0x01},
	{0x089a, 0x6b},
	{0x089b, 0x00},
	{0x089c, 0x02},
	{0x089d, 0x01},
	{0x089e, 0xfb},
	{0x089f, 0x00},
	{0x08a0, 0x03},
	{0x08a1, 0x02},
	{0x08a2, 0xd4},
	{0x08a3, 0x00},
	{0x08a4, 0x04},
	{0x08a5, 0x03},
	{0x08a6, 0xf5},
	{0x08a7, 0x00},
	{0x08a8, 0x05},
	{0x08a9, 0x05},
	{0x08aa, 0xb0},
	{0x08ab, 0x00},
	{0x08ac, 0x06},
	{0x08ad, 0x07},
	{0x08ae, 0xf6},
	{0x08af, 0x00},
	{0x08b0, 0x07},
	{0x08b1, 0x0b},
	{0x08b2, 0x30},
	{0x08b3, 0x80},
	{0x08b4, 0x06},
	{0x08b5, 0x0f},
	{0x08b6, 0x80},
	{0x08b7, 0x80},
	{0x08b8, 0x07},
	{0x05ac, 0x01},
	{0x0209, 0x01},
	{0x020a, 0x24},
	{0x0fa5, 0x00},
	{0x0204, 0x04},
	{0x0205, 0x00},
	{0x0d03, 0x00},
	{0x0d04, 0x76},
	{0x008b, 0x1b},
	{0x0040, 0x22},
	{0x0042, 0x01},
	{0x0030, 0x04},
	{0x0031, 0x0a},
	{0x0032, 0x00},
	{0x0033, 0x03},
	{0x0092, 0x06},
	{0x0093, 0x3c},
	{0x0058, 0x00},
	{0x0059, 0x00},
	{0x005a, 0x00},
	{0x005b, 0x00},
	{0x005c, 0x00},
	{0x005d, 0x00},
	{0x005e, 0x00},
	{0x005f, 0x00},
	{0x0074, 0x40},
	{0x0077, 0x00},
	{0x0073, 0xc1},
	{0x0016, 0x24},
	{0x0005, 0x0b},
	{0x0006, 0x18},
	{0x0007, 0x86},
	{0x0008, 0x3b},
	{0x0009, 0x00},
	{0x000c, 0xf0},
	{0x000d, 0x95},
	{0x000e, 0x3f},
	{0x000f, 0x58},
	{0x0010, 0x7f},
	{0x0011, 0xb4},
	{0x0012, 0x64},
	{0x0013, 0x52},
	{0x0014, 0x1e},
	{0x0015, 0xd8},
	{0x0019, 0x02},
	{0x0da0, 0x0f},
	{0x04c2, 0x87},
	{0x04c3, 0x00},
	{0x04ca, 0x46},
	{0x04cb, 0x0f},
	{0x0430, 0x87},
	{0x0431, 0x08},
	{0x0432, 0x08},
	{0x0433, 0x10},
	{0x0434, 0x87},
	{0x0435, 0x0c},
	{0x0436, 0x16},
	{0x0437, 0x10},
	{0x0438, 0x83},
	{0x0439, 0x0e},
	{0x043a, 0x03},
	{0x043b, 0x10},
	{0x043c, 0x83},
	{0x043d, 0x12},
	{0x043e, 0x1a},
	{0x043f, 0x10},
	{0x0440, 0x63},
	{0x0441, 0x07},
	{0x0442, 0x18},
	{0x0443, 0x10},
	{0x0444, 0x63},
	{0x0445, 0x07},
	{0x0446, 0x18},
	{0x0447, 0x10},
	{0x0359, 0x00},
	{0x0351, 0x00},
	{0x0352, 0x04},
	{0x0353, 0x00},
	{0x0354, 0x64},
	{0x034c, 0x07},
	{0x034d, 0x80},
	{0x034e, 0x04},
	{0x034f, 0x38},
	{0x00c8, 0x00},
	{0x00c9, 0x10},
	{0x00ca, 0x00},
	{0x00cb, 0x18},
	{0x00cc, 0x0c},
	{0x00cd, 0x30},
	{0x00ce, 0x10},
	{0x00cf, 0x78},
	{0x00d8, 0x00},
	{0x00d9, 0x10},
	{0x00da, 0x00},
	{0x00db, 0x28},
	{0x00dc, 0x0c},
	{0x00dd, 0x30},
	{0x00de, 0x10},
	{0x00df, 0x68},
	{0x00c2, 0x03},
	{0x0110, 0x04},
	{0x0120, 0x10},
	{0x012c, 0x00},
	{0x012d, 0x0a},
	{0x0113, 0x02},
	{0x0119, 0x05},
	{0x011a, 0x05},
	{0x0128, 0x2b},
	{0x01a8, 0xff},
	{0x01a0, 0xff},
	{0x01a1, 0x0d},
	{0x01a2, 0x0f},
	{0x01a3, 0x35},
	{0x01a4, 0x01},
	{0x01a5, 0x10},
	{0x01a6, 0x0d},
	{0x01a7, 0x38},
	{0x01a9, 0x0f},
	{0x01aa, 0x18},
	{0x01ab, 0x0d},
	{0x0aff, 0x00},
	{0x0aff, 0x00},
	{0x0aff, 0x00},
	{0x0aff, 0x00},
	{0x0aff, 0x00},
	{0x0aff, 0x00},
	{0x0aff, 0x00},
	{0x0aff, 0x00},
	{0x0aff, 0x00},
	{0x0aff, 0x00},
	{0x0aff, 0x00},
	{0x0aff, 0x00},
	{0x0aff, 0x00},
	{0x0aff, 0x00},
	{0x0aff, 0x00},
	{0x0aff, 0x00},
	{0x0aff, 0x00},
	{0x0aff, 0x00},
	{0x0aff, 0x00},
	{0x0aff, 0x00},
	{0x0aff, 0x00},
	{0x0aff, 0x00},
	{0x0aff, 0x00},
	{0x0aff, 0x00},
	{0x0aff, 0x00},
	{0x0aff, 0x00},
	{0x0aff, 0x00},
	{0x0aff, 0x00},
	{0x0aff, 0x00},
	{0x0aff, 0x00},
	{0x0aff, 0x00},
	{0x0aff, 0x00},
	{0x0aff, 0x00},
	{0x0aff, 0x00},
	{0x0aff, 0x00},
	{0x0aff, 0x00},
	{0x0aff, 0x00},
	{0x0aff, 0x00},
	{0x0aff, 0x00},
	{0x0aff, 0x00},
	{0x0aff, 0x00},
	{0x0aff, 0x00},
	{0x0aff, 0x00},
	{0x0aff, 0x00},
	{0x0aff, 0x00},
	{0x0aff, 0x00},
	{0x0aff, 0x00},
	{0x0aff, 0x00},
	{0x0aff, 0x00},
	{0x0aff, 0x00},
	{0x0aff, 0x00},
	{0x0aff, 0x00},
	{0x0aff, 0x00},
	{0x0aff, 0x00},
	{0x0aff, 0x00},
	{0x0aff, 0x00},
	{0x0aff, 0x00},
	{0x0aff, 0x00},
	{0x0aff, 0x00},
	{0x0aff, 0x00},
	{0x0aff, 0x00},
	{0x0aff, 0x00},
	{0x0aff, 0x00},
	{0x0aff, 0x00},
	{0x0aff, 0x00},
	{0x0aff, 0x00},
	{0x0aff, 0x00},
	{0x0aff, 0x00},
	{0x0aff, 0x00},
	{0x0aff, 0x00},
	{0x0aff, 0x00},
	{0x0aff, 0x00},
	{0x0aff, 0x00},
	{0x0aff, 0x00},
	{0x0aff, 0x00},
	{0x0aff, 0x00},
	{0x0aff, 0x00},
	{0x0aff, 0x00},
	{0x0aff, 0x00},
	{0x0aff, 0x00},
	{0x0aff, 0x00},
	{0x0aff, 0x00},
	{0x0aff, 0x00},
	{0x0aff, 0x00},
	{0x0aff, 0x00},
	{0x0aff, 0x00},
	{0x0aff, 0x00},
	{0x0aff, 0x00},
	{0x0aff, 0x00},
	{0x0aff, 0x00},
	{0x0aff, 0x00},
	{0x0aff, 0x00},
	{0x0aff, 0x00},
	{0x0aff, 0x00},
	{0x0aff, 0x00},
	{0x0aff, 0x00},
	{0x0aff, 0x00},
	{0x0aff, 0x00},
	{0x0aff, 0x00},
	{0x0aff, 0x00},
	{0x0aff, 0x00},
	{0x0aff, 0x00},
	{0x0aff, 0x00},
	{0x0aff, 0x00},
	{0x0aff, 0x00},
	{0x0aff, 0x00},
	{0x0aff, 0x00},
	{0x0aff, 0x00},
	{0x0aff, 0x00},
	{0x0aff, 0x00},
	{0x0aff, 0x00},
	{0x0aff, 0x00},
	{0x0aff, 0x00},
	{0x0aff, 0x00},
	{0x0aff, 0x00},
	{0x0aff, 0x00},
	{0x0aff, 0x00},
	{0x0aff, 0x00},
	{0x0aff, 0x00},
	{0x0aff, 0x00},
	{0x0aff, 0x00},
	{0x0aff, 0x00},
	{0x0aff, 0x00},
	{0x0aff, 0x00},
	{0x0aff, 0x00},
	{0x0aff, 0x00},
	{0x0aff, 0x00},
	{0x0aff, 0x00},
	{0x0aff, 0x00},
	{0x0aff, 0x00},
	{0x0aff, 0x00},
	{0x0aff, 0x00},
	{0x0aff, 0x00},
	{0x0aff, 0x00},
	{0x0aff, 0x00},
	{0x0aff, 0x00},
	{0x0aff, 0x00},
	{0x0aff, 0x00},
	{0x0aff, 0x00},
	{0x0aff, 0x00},
	{0x0aff, 0x00},
	{0x0aff, 0x00},
	{0x0aff, 0x00},
	{0x0aff, 0x00},
	{0x0aff, 0x00},
	{0x0aff, 0x00},
	{0x0aff, 0x00},
	{0x0aff, 0x00},
	{0x0aff, 0x00},
	{0x0aff, 0x00},
	{0x0a90, 0x41},
	{0x0a94, 0x80},
	{0x0aff, 0x00},
	{0x0aff, 0x00},
	{0x0aff, 0x00},
	{0x0aff, 0x00},
	{0x0aff, 0x00},
	{0x0aff, 0x00},
	{0x0aff, 0x00},
	{0x0aff, 0x00},
	{0x0aff, 0x00},
	{0x0aff, 0x00},
	{0x0aff, 0x00},
	{0x0aff, 0x00},
	{0x0a90, 0x00},
	{0x0314, 0x70},
	{0x0089, 0x02},
	{0x00bc, 0x03},
	{0x00bd, 0x00},
	{0x0ad0, 0x03},
	{0x0004, 0x07},
	{0x0da2, 0x01},
	{0x0080, 0x30},
	{0x0061, 0x40},
	{0x0084, 0x01},
	{REG_NULL, 0x00},
};

/*
 * Xclk 24Mhz
 * max_framerate 120fps
 * mipi_datarate per lane 1504Mbps, 2lane
 * GC13B0 13M MIPI DPHY 2L RAW10 1008x756 120fps 1504Mbps 20250521.txt
 */
static const struct regval gc13b0_linear_10bit_1008x756_120fps_2lane_regs[] = {
	{0x0315, 0xd4},
	{0x0316, 0x00},
	{0x031c, 0xe0},
	{0x031a, 0x06},
	{0x0fe2, 0x17},
	{0x0f9b, 0xc9},
	{0x0900, 0x10},
	{0x0fbf, 0x36},
	{0x0fd2, 0x36},
	{0x0fc1, 0x00},
	{0x0fc2, 0x4e},
	{0x0fcb, 0x1c},
	{0x0fc4, 0x00},
	{0x0fc5, 0x71},
	{0x0fd4, 0x20},
	{0x0fd5, 0xbc},
	{0x0fdc, 0x01},
	{0x0fd6, 0x23},
	{0x0901, 0x00},
	{0x0fd3, 0x07},
	{0x0fc0, 0xb0},
	{0x0fc3, 0xb0},
	{0x0511, 0x05},
	{0x0da1, 0x48},
	{0x0004, 0x00},
	{0x04c0, 0x50},
	{0x04c1, 0x00},
	{0x04c2, 0x00},
	{0x0ad2, 0x50},
	{0x0ad3, 0x00},
	{0x0ad0, 0x00},
	{0x0a91, 0x00},
	{0x0a90, 0x00},
	{0x0a94, 0x00},
	{0x0f08, 0x03},
	{0x0f0a, 0x60},
	{0x0519, 0x06},
	{0x0247, 0x10},
	{0x0248, 0x00},
	{0x024c, 0x00},
	{0x0250, 0xc8},
	{0x0580, 0x14},
	{0x0516, 0x0c},
	{0x0210, 0x20},
	{0x0212, 0x01},
	{0x0215, 0x04},
	{0x0218, 0x1b},
	{0x021a, 0x00},
	{0x021c, 0x0c},
	{0x021d, 0x68},
	{0x0220, 0x00},
	{0x0221, 0x01},
	{0x0222, 0x01},
	{0x0252, 0x03},
	{0x0253, 0x00},
	{0x02e6, 0x00},
	{0x02e7, 0xda},
	{0x0f90, 0x20},
	{0x0f91, 0x14},
	{0x0f92, 0x08},
	{0x0f93, 0x59},
	{0x0f94, 0x28},
	{0x0346, 0x00},
	{0x0347, 0x28},
	{0x0348, 0x10},
	{0x0349, 0x90},
	{0x034a, 0x0c},
	{0x034b, 0x40},
	{0x0226, 0x0e},
	{0x0227, 0x20},
	{0x0340, 0x03},
	{0x0341, 0x94},
	{0x0202, 0x03},
	{0x0203, 0x84},
	{0x0342, 0x04},
	{0x0343, 0x02},
	{0x024d, 0x01},
	{0x024e, 0x0f},
	{0x024f, 0x04},
	{0x0ec3, 0x99},
	{0x0ec4, 0x99},
	{0x0eca, 0x10},
	{0x0ecd, 0x00},
	{0x0e59, 0x08},
	{0x0fa7, 0x73},
	{0x0fbc, 0xad},
	{0x0fc9, 0x60},
	{0x0fa9, 0x65},
	{0x0fab, 0x00},
	{0x0fe0, 0x00},
	{0x0e17, 0x20},
	{0x0e35, 0x20},
	{0x0e03, 0x00},
	{0x0e04, 0x48},
	{0x0e05, 0x00},
	{0x0e06, 0x20},
	{0x0e1b, 0x00},
	{0x0e1c, 0x48},
	{0x0e51, 0x00},
	{0x0fb3, 0xd7},
	{0x0fb5, 0x31},
	{0x0fd0, 0x0d},
	{0x0fd1, 0x1b},
	{0x0f6d, 0x3e},
	{0x0f9d, 0x1c},
	{0x0e0d, 0x1a},
	{0x0e1e, 0x1a},
	{0x0e72, 0x1a},
	{0x0e73, 0x1a},
	{0x0e0e, 0x1d},
	{0x0e1f, 0x00},
	{0x0e20, 0x62},
	{0x0e2c, 0x00},
	{0x0e2d, 0x83},
	{0x0e39, 0x01},
	{0x0e3a, 0x1a},
	{0x02d0, 0x00},
	{0x0f2f, 0x00},
	{0x0f38, 0x00},
	{0x0106, 0x00},
	{0x0595, 0x01},
	{0x05a3, 0x01},
	{0x05a4, 0x01},
	{0x0590, 0x00},
	{0x0591, 0x05},
	{0x05a5, 0x00},
	{0x05a6, 0x00},
	{0x05a7, 0x10},
	{0x05ac, 0x00},
	{0x05ad, 0x01},
	{0x05ae, 0x00},
	{0x0800, 0x04},
	{0x0801, 0x00},
	{0x0802, 0x00},
	{0x0803, 0x00},
	{0x0804, 0x00},
	{0x0805, 0x00},
	{0x0806, 0x01},
	{0x0807, 0x00},
	{0x0808, 0x00},
	{0x0809, 0x00},
	{0x05ac, 0x01},
	{0x0209, 0x01},
	{0x020a, 0x24},
	{0x0fa5, 0x00},
	{0x0204, 0x04},
	{0x0205, 0x00},
	{0x0d03, 0x01},
	{0x0d04, 0x78},
	{0x008b, 0x00},
	{0x0040, 0x22},
	{0x0042, 0x01},
	{0x0030, 0x02},
	{0x0031, 0x05},
	{0x0032, 0x00},
	{0x0033, 0x01},
	{0x0092, 0x06},
	{0x0093, 0x3c},
	{0x0058, 0x00},
	{0x0059, 0x00},
	{0x005a, 0x00},
	{0x005b, 0x00},
	{0x005c, 0x00},
	{0x005d, 0x00},
	{0x005e, 0x00},
	{0x005f, 0x00},
	{0x0074, 0x40},
	{0x0077, 0x00},
	{0x0073, 0x41},
	{0x0016, 0x20},
	{0x0da0, 0x00},
	{0x04c2, 0x00},
	{0x0359, 0x00},
	{0x0351, 0x00},
	{0x0352, 0x0e},
	{0x0353, 0x00},
	{0x0354, 0x1a},
	{0x034c, 0x03},
	{0x034d, 0xf0},
	{0x034e, 0x02},
	{0x034f, 0xf4},
	{0x00c2, 0x00},
	{0x0110, 0x04},
	{0x0117, 0x00},
	{0x0120, 0x10},
	{0x012c, 0x00},
	{0x012d, 0x00},
	{0x0113, 0x02},
	{0x0119, 0x05},
	{0x011a, 0x05},
	{0x0128, 0x2b},
	{0x01a8, 0xff},
	{0x01a0, 0xff},
	{0x01a1, 0x0d},
	{0x01a2, 0x0f},
	{0x01a3, 0x35},
	{0x01a4, 0x01},
	{0x01a5, 0x10},
	{0x01a6, 0x0d},
	{0x01a7, 0x38},
	{0x01a9, 0x0f},
	{0x01aa, 0x18},
	{0x01ab, 0x0d},
	{0x0314, 0x70},
	{0x0089, 0x02},
	{0x00bc, 0x00},
	{0x00bd, 0x00},
	{0x0080, 0x01},
	{0x0061, 0x20},
	{0x0084, 0x01},
	{REG_NULL, 0x00},
};

static const struct gc13b0_mode supported_modes_4lane[] = {
	{/* [0] 4208*3120 @ max 25fps*/
		.width = 4096,	// .width = 4208,
		.height = 3120,
		.max_fps = {
			.numerator = 10000,
			.denominator = 250000,
		},
		.exp_def = 0x0630,	//4126
		.hts_def = 0x0430 * 4,	//4288
		.vts_def = 0x102e,	//4142
		.bus_fmt = MEDIA_BUS_FMT_SGRBG10_1X10,
		.global_reg_list = gc13b0_global_non_regs,
		.reg_list = gc13b0_linear_10bit_4208x3120_25fps_4lane_regs,
		.link_freq_idx = 2,	//752Mhz
		.hdr_mode = NO_HDR,
		.bpp = 10,
		.vc[PAD0] = V4L2_MBUS_CSI2_CHANNEL_0,
		.lanes = 4,
	},
	{/* [1] 2104*1560 @ max 60fps*/
		.width = 2104,
		.height = 1560,
		.max_fps = {
			.numerator = 10000,
			.denominator = 600000,
		},
		.exp_def = 0x6e8,	//1768
		.hts_def = 0x348 * 2,	//1680
		.vts_def = 0x6f8,	//1784,
		.bus_fmt = MEDIA_BUS_FMT_SGRBG10_1X10,
		.global_reg_list = gc13b0_global_regs,
		.reg_list = gc13b0_linear_10bit_2104x1560_60fps_4lane_regs,
		.link_freq_idx = 1,	//376Mhz
		.hdr_mode = NO_HDR,
		.bpp = 10,
		.vc[PAD0] = V4L2_MBUS_CSI2_CHANNEL_0,
		.lanes = 4,
	},
	{/* [2] 2104*1560 @ max 25fps*/
		.width = 2104,
		.height = 1560,
		.max_fps = {
			.numerator = 10000,
			.denominator = 250000,
		},
		.exp_def = 0x10ae,	//4270
		.hts_def = 0x348 * 2,	//1680
		.vts_def = 0x10be,	//4286
		.bus_fmt = MEDIA_BUS_FMT_SGRBG10_1X10,
		.global_reg_list = gc13b0_global_non_regs,
		.reg_list = gc13b0_linear_10bit_2104x1560_25fps_4lane_regs,
		.link_freq_idx = 1,	//376Mhz
		.hdr_mode = NO_HDR,
		.bpp = 10,
		.vc[PAD0] = V4L2_MBUS_CSI2_CHANNEL_0,
		.lanes = 4,
	},
	{/* [3] 1920*1080 @ max 120fps*/
		.width = 1920,
		.height = 1080,
		.max_fps = {
			.numerator = 10000,
			.denominator = 1200000,
		},
		.exp_def = 0x540,	//1344
		.hts_def = 0x348 * 2,	//1680
		.vts_def = 0x550,	//1360
		.bus_fmt = MEDIA_BUS_FMT_SGRBG10_1X10,
		.global_reg_list = gc13b0_global_non_regs,
		.reg_list = gc13b0_linear_10bit_1920x1080_120fps_4lane_regs,
		.link_freq_idx = 3,	//488Mhz
		.hdr_mode = NO_HDR,
		.bpp = 10,
		.vc[PAD0] = V4L2_MBUS_CSI2_CHANNEL_0,
		.lanes = 4,
	},
};

static const struct gc13b0_mode supported_modes_2lane[] = {
	/* 4032*3024 @ max 20fps 2lane */
	{
		.width = 3968,// .width = 4032,
		.height = 3024,
		.max_fps = {
			.numerator = 10000,
			.denominator = 200000,
		},
		.exp_def = 0x0690,
		.hts_def = 0x0a50 * 2,
		.vts_def = 0x6a0 * 2,
		.bus_fmt = MEDIA_BUS_FMT_SGRBG10_1X10,
		.global_reg_list = gc13b0_global_2lane_regs,
		.reg_list = gc13b0_linear_10bit_4032x3024_20fps_2lane_regs,
		.hdr_mode = NO_HDR,
		.link_freq_idx = 2,	//752Mhz
		.bpp = 10,
		.vc[PAD0] = V4L2_MBUS_CSI2_CHANNEL_0,
		.lanes = 2,
	},

	/*  2016*1512 @ max 60fps 2lane */
	{
		.width = 2016,
		.height = 1512,
		.max_fps = {
			.numerator = 10000,
			.denominator = 600000,
		},
		.exp_def = 0x320,
		.hts_def = 0x348 * 2,
		.vts_def = 0x37c * 2,
		.bus_fmt = MEDIA_BUS_FMT_SGRBG10_1X10,
		.global_reg_list = gc13b0_global_2lane_regs,
		.reg_list = gc13b0_linear_10bit_2016x1512_60fps_2lane_regs,
		.hdr_mode = NO_HDR,
		.link_freq_idx = 2,	//752Mhz
		.bpp = 10,
		.vc[PAD0] = V4L2_MBUS_CSI2_CHANNEL_0,
		.lanes = 2,
	},

	/*  1920*1080 @ max 90fps 2lane */
	{
		.width = 1920,
		.height = 1080,
		.max_fps = {
			.numerator = 10000,
			.denominator = 900000,
		},
		.exp_def = 0x298,
		.hts_def = 0x460 * 2,
		.vts_def = 0x2a8 * 2,
		.bus_fmt = MEDIA_BUS_FMT_SGRBG10_1X10,
		.global_reg_list = gc13b0_global_2lane_regs,
		.reg_list = gc13b0_linear_10bit_1920x1080_90fps_2lane_regs,
		.hdr_mode = NO_HDR,
		.link_freq_idx = 2,	//752Mhz
		.bpp = 10,
		.vc[PAD0] = V4L2_MBUS_CSI2_CHANNEL_0,
		.lanes = 2,
	},

	/* 1008*756 @ max 120fps 2lane */
	{
		.width = 1008,
		.height = 756,
		.max_fps = {
			.numerator = 10000,
			.denominator = 1200000,
		},
		.exp_def = 0x384,
		.hts_def = 0x402,
		.vts_def = 0x394 * 2,
		.bus_fmt = MEDIA_BUS_FMT_SGRBG10_1X10,
		.global_reg_list = gc13b0_global_2lane_regs,
		.reg_list = gc13b0_linear_10bit_1008x756_120fps_2lane_regs,
		.hdr_mode = NO_HDR,
		.link_freq_idx = 2,	//752Mhz
		.bpp = 10,
		.vc[PAD0] = V4L2_MBUS_CSI2_CHANNEL_0,
		.lanes = 2,
	},
};

static const u32 bus_code[] = {
	MEDIA_BUS_FMT_SGRBG10_1X10,
};

static const s64 link_freq_menu_items[] = {
	GC13B0_LINK_FREQ_FULL,
	GC13B0_LINK_FREQ_376M,
	GC13B0_LINK_FREQ_752M,
	GC13B0_LINK_FREQ_488M,
};

static const char *const gc13b0_test_pattern_menu[] = {
	"Disabled",
	"Pure color",
	"Vertical Color Bars",
	"Fade to Gray Color Bars",
	"PN9",
	"Horizontal gradient Color Bar",
	"Checkboard",
	"Slant",
	"Resolution"
};

/* Write registers up to 4 at a time */
static int gc13b0_write_reg(struct i2c_client *client, u16 reg,
			    u32 len, u32 val)
{
	u32 buf_i, val_i;
	u8 buf[6];
	u8 *val_p;
	__be32 val_be;

	if (len > 4)
		return -EINVAL;

	buf[0] = reg >> 8;
	buf[1] = reg & 0xff;

	val_be = cpu_to_be32(val);
	val_p = (u8 *)&val_be;
	buf_i = 2;
	val_i = 4 - len;

	while (val_i < 4)
		buf[buf_i++] = val_p[val_i++];

	if (i2c_master_send(client, buf, len + 2) != len + 2)
		return -EIO;

	return 0;
}

static int gc13b0_write_array(struct i2c_client *client,
			      const struct regval *regs)
{
	u32 i;
	int ret = 0;

	for (i = 0; ret == 0 && regs[i].addr != REG_NULL; i++) {
		if (regs[i].addr == REG_DELAY) {
			usleep_range(regs[i].val * 1000, regs[i].val * 1000);
			continue;
		}

		ret = gc13b0_write_reg(client, regs[i].addr,
				       GC13B0_REG_VALUE_08BIT, regs[i].val);
	}

	return ret;
}

/* Read registers up to 4 at a time */
static int gc13b0_read_reg(struct i2c_client *client, u16 reg,
			   unsigned int len, u32 *val)
{
	struct i2c_msg msgs[2];
	u8 *data_be_p;
	__be32 data_be = 0;
	__be16 reg_addr_be = cpu_to_be16(reg);
	int ret;

	if (len > 4 || !len)
		return -EINVAL;

	data_be_p = (u8 *)&data_be;
	/* Write register address */
	msgs[0].addr = client->addr;
	msgs[0].flags = 0;
	msgs[0].len = 2;
	msgs[0].buf = (u8 *)&reg_addr_be;

	/* Read data from register */
	msgs[1].addr = client->addr;
	msgs[1].flags = I2C_M_RD;
	msgs[1].len = len;
	msgs[1].buf = &data_be_p[4 - len];

	ret = i2c_transfer(client->adapter, msgs, ARRAY_SIZE(msgs));
	if (ret != ARRAY_SIZE(msgs))
		return -EIO;

	*val = be32_to_cpu(data_be);

	return 0;
}

static int gc13b0_get_reso_dist(const struct gc13b0_mode *mode,
				struct v4l2_mbus_framefmt *framefmt)
{
	return abs(mode->width - framefmt->width) +
	       abs(mode->height - framefmt->height);
}

static const struct gc13b0_mode *
gc13b0_find_best_fit(struct gc13b0 *gc13b0, struct v4l2_subdev_format *fmt)
{
	struct v4l2_mbus_framefmt *framefmt = &fmt->format;
	int dist;
	int cur_best_fit = 0;
	int cur_best_fit_dist = -1;
	unsigned int i;

	for (i = 0; i < gc13b0->cfg_num; i++) {
		dist = gc13b0_get_reso_dist(&gc13b0->supported_modes[i], framefmt);
		if (cur_best_fit_dist == -1 || dist < cur_best_fit_dist) {
			cur_best_fit_dist = dist;
			cur_best_fit = i;
		} else if (dist == cur_best_fit_dist &&
			   framefmt->code == gc13b0->supported_modes[i].bus_fmt) {
			cur_best_fit = i;
			break;
		}
	}

	return &gc13b0->supported_modes[cur_best_fit];
}

static int gc13b0_set_fmt(struct v4l2_subdev *sd,
			  struct v4l2_subdev_pad_config *cfg,
			  struct v4l2_subdev_format *fmt)
{
	struct gc13b0 *gc13b0 = to_gc13b0(sd);
	const struct gc13b0_mode *mode;
	s64 h_blank, vblank_def;
	u32 dst_link_freq = 0;
	u64 dst_pixel_rate = 0;
	u8 lanes = gc13b0->bus_cfg.bus.mipi_csi2.num_data_lanes;

	mutex_lock(&gc13b0->mutex);

	mode = gc13b0_find_best_fit(gc13b0, fmt);
	fmt->format.code = mode->bus_fmt;
	fmt->format.width = mode->width;
	fmt->format.height = mode->height;
	fmt->format.field = V4L2_FIELD_NONE;
	if (fmt->which == V4L2_SUBDEV_FORMAT_TRY) {
#ifdef CONFIG_VIDEO_V4L2_SUBDEV_API
		*v4l2_subdev_get_try_format(sd, cfg, fmt->pad) = fmt->format;
#else
		mutex_unlock(&gc13b0->mutex);
		return -ENOTTY;
#endif
	} else {
		gc13b0->cur_mode = mode;
		h_blank = mode->hts_def - mode->width;
		__v4l2_ctrl_modify_range(gc13b0->hblank, h_blank,
					 h_blank, 1, h_blank);
		vblank_def = mode->vts_def - mode->height;
		__v4l2_ctrl_modify_range(gc13b0->vblank, vblank_def,
					 GC13B0_VTS_MAX - mode->height,
					 1, vblank_def);

		dst_link_freq = mode->link_freq_idx;
		dst_pixel_rate = (u32)link_freq_menu_items[dst_link_freq] / 10 * 2 * lanes;

		gc13b0->cur_link_freq = dst_link_freq;
		gc13b0->cur_pixel_rate = dst_pixel_rate;

		__v4l2_ctrl_s_ctrl_int64(gc13b0->pixel_rate,
					dst_pixel_rate);
		__v4l2_ctrl_s_ctrl(gc13b0->link_freq,
				  dst_link_freq);
		gc13b0->cur_vts = mode->vts_def;
		gc13b0->cur_fps = mode->max_fps;
	}
	mutex_unlock(&gc13b0->mutex);

	return 0;
}

static int gc13b0_get_fmt(struct v4l2_subdev *sd,
			  struct v4l2_subdev_pad_config *cfg,
			  struct v4l2_subdev_format *fmt)
{
	struct gc13b0 *gc13b0 = to_gc13b0(sd);
	const struct gc13b0_mode *mode = gc13b0->cur_mode;

	mutex_lock(&gc13b0->mutex);
	if (fmt->which == V4L2_SUBDEV_FORMAT_TRY) {
#ifdef CONFIG_VIDEO_V4L2_SUBDEV_API
		fmt->format = *v4l2_subdev_get_try_format(sd, cfg, fmt->pad);
#else
		mutex_unlock(&gc13b0->mutex);
		return -ENOTTY;
#endif
	} else {
		fmt->format.width = mode->width;
		fmt->format.height = mode->height;
		fmt->format.code = mode->bus_fmt;
		fmt->format.field = V4L2_FIELD_NONE;
	}
	mutex_unlock(&gc13b0->mutex);

	return 0;
}

static int gc13b0_enum_mbus_code(struct v4l2_subdev *sd,
				 struct v4l2_subdev_pad_config *cfg,
				 struct v4l2_subdev_mbus_code_enum *code)
{
	if (code->index >= ARRAY_SIZE(bus_code))
		return -EINVAL;
	code->code = bus_code[code->index];

	return 0;
}

static int gc13b0_enum_frame_sizes(struct v4l2_subdev *sd,
				   struct v4l2_subdev_pad_config *cfg,
				   struct v4l2_subdev_frame_size_enum *fse)
{
	struct gc13b0 *gc13b0 = to_gc13b0(sd);

	if (fse->index >= gc13b0->cfg_num)
		return -EINVAL;

	if (fse->code != gc13b0->supported_modes[fse->index].bus_fmt)
		return -EINVAL;

	fse->min_width  = gc13b0->supported_modes[fse->index].width;
	fse->max_width  = gc13b0->supported_modes[fse->index].width;
	fse->max_height = gc13b0->supported_modes[fse->index].height;
	fse->min_height = gc13b0->supported_modes[fse->index].height;

	return 0;
}

/*
 *GC13B0 supports eight kinds of test image as well as eleven kinds of pure color test image.
 *0x035e controls the type of test image.
 */
static int gc13b0_enable_test_pattern(struct gc13b0 *gc13b0, u32 pattern)
{
	u32 val = 0;
	int ret = 0;

	ret = gc13b0_read_reg(gc13b0->client, GC13B0_REG_TEST_PATTERN,
			      GC13B0_REG_VALUE_08BIT, &val);

	if (pattern)
		val |= GC13B0_TEST_PATTERN_BIT_MASK;
	else
		val &= ~GC13B0_TEST_PATTERN_BIT_MASK;

	ret |= gc13b0_write_reg(gc13b0->client, GC13B0_REG_TEST_PATTERN,
				GC13B0_REG_VALUE_08BIT, val);

	switch (pattern) {
	case 1: //PURE COLOR
		/*[3:0]: pure color type
		 * 4'h0: black, 4'h1: high dark, 4'h2: low dark, 4'h3: lower dark, 4'h4: white
		 * 4'h5: red, 4'h6: greeen, 4'h7: blue, 4'h8: yellow, 4'h9: cyan,
		 * 4'ha: pink
		 */
		val = 0x0 << 4 | 0x05; // pure color type: 4'h5: red
		ret |= gc13b0_write_reg(gc13b0->client, GC13B0_REG_TEST_TYPE,
					GC13B0_REG_VALUE_08BIT, val);
		break;
	case 2: //VERTICAL COLOR BARS
		val = 0x1 << 4 | 0x00;
		ret |= gc13b0_write_reg(gc13b0->client, GC13B0_REG_TEST_TYPE,
					GC13B0_REG_VALUE_08BIT, val);
		break;
	case 3: //FADE TO GRAY COLOR BARS
		val = 0x2 << 4 | 0x00;
		ret |= gc13b0_write_reg(gc13b0->client, GC13B0_REG_TEST_TYPE,
					GC13B0_REG_VALUE_08BIT, val);
		break;
	case 4: //PN9
		val = 0x3 << 4 | 0x00;
		ret |= gc13b0_write_reg(gc13b0->client, GC13B0_REG_TEST_TYPE,
					GC13B0_REG_VALUE_08BIT, val);
		break;
	case 5: //HORIZONTAL GRADIENT COLOR BAR
		val = 0x4 << 4 | 0x00;
		ret |= gc13b0_write_reg(gc13b0->client, GC13B0_REG_TEST_TYPE,
					GC13B0_REG_VALUE_08BIT, val);
		break;
	case 6: //CHECKBOARD
		val = 0x5 << 4 | 0x00;
		ret |= gc13b0_write_reg(gc13b0->client, GC13B0_REG_TEST_TYPE,
					GC13B0_REG_VALUE_08BIT, val);
		break;
	case 7: //SLANT
		val = 0x6 << 4 | 0x00;
		ret |= gc13b0_write_reg(gc13b0->client, GC13B0_REG_TEST_TYPE,
					GC13B0_REG_VALUE_08BIT, val);
		break;
	case 8: //RESOLUTION
		val = 0x7 << 4 | 0x00;
		ret |= gc13b0_write_reg(gc13b0->client, GC13B0_REG_TEST_TYPE,
					GC13B0_REG_VALUE_08BIT, val);
		break;
	default:
		break;
	}

	return ret;
}

static int gc13b0_set_gain_reg(struct gc13b0 *gc13b0, u32 gain)
{
	if (gain < GC13B0_AGAIN_MIN)
		gain = GC13B0_AGAIN_MIN;
	else if (gain > GC13B0_AGAIN_MAX)
		gain = GC13B0_AGAIN_MAX;

	// again
	gc13b0_write_reg(gc13b0->client, GC13B0_REG_GAIN_H,
			 GC13B0_REG_VALUE_08BIT, gain >> 8);
	/* gain effect when 0x0205 is written */
	gc13b0_write_reg(gc13b0->client, GC13B0_REG_GAIN_L,
			 GC13B0_REG_VALUE_08BIT, gain & 0xff);

	return 0;
}

/* window_heigth = 1472
 * dummy = 20
 * frame_length = window_heigth + dummy + vb = 1492 + vb
 * s_exp_time < VB
 * s_exp_time + l_exp_time < frame_length
 */
static int gc13b0_set_hdrae(struct gc13b0 *gc13b0,
			    struct preisp_hdrae_exp_s *ae)
{
	int ret = 0;
	u32 l_exp_time, m_exp_time, s_exp_time;
	u32 l_a_gain, m_a_gain, s_a_gain;
	u32 intt_long_l, intt_long_h;
	u32 intt_short_l, intt_short_h;
	u32 gain;

	if (!gc13b0->has_init_exp && !gc13b0->streaming) {
		gc13b0->init_hdrae_exp = *ae;
		gc13b0->has_init_exp = true;
		dev_dbg(&gc13b0->client->dev, "gc13b0 don't stream, record exp for hdr!\n");
		return ret;
	}
	l_exp_time = ae->long_exp_reg;
	m_exp_time = ae->middle_exp_reg;
	s_exp_time = ae->short_exp_reg;
	l_a_gain = ae->long_gain_reg;
	m_a_gain = ae->middle_gain_reg;
	s_a_gain = ae->short_gain_reg;

	dev_dbg(&gc13b0->client->dev,
		"rev exp req: L_exp: 0x%x, M_exp: 0x%x, S_exp 0x%x,l_gain:0x%x, m_gain: 0x%x, s_gain: 0x%x\n",
		l_exp_time, m_exp_time, s_exp_time,
		l_a_gain, m_a_gain, s_a_gain);

	if (gc13b0->cur_mode->hdr_mode == HDR_X2)
		l_exp_time = m_exp_time;

	gain = s_a_gain;

	if (l_exp_time <= 1)
		l_exp_time = 1;

	if (s_exp_time < 1)
		s_exp_time = 1;

	if (s_exp_time > gc13b0->cur_vts - 1492) {
		dev_err(&gc13b0->client->dev, "the s_exp_time is too large.\n");
		s_exp_time = gc13b0->cur_vts - 1492;
	}

	if (l_exp_time > gc13b0->cur_vts - s_exp_time) {
		dev_err(&gc13b0->client->dev, "the l_exp_time is too large.\n");
		l_exp_time = gc13b0->cur_vts - s_exp_time;
	}

	if (s_exp_time * 16 == l_exp_time) {
		if (s_exp_time > 94)
			s_exp_time = 94;
		if (l_exp_time > 1504)
			l_exp_time = 1504;
	}

	intt_long_l = l_exp_time & 0xff;
	intt_long_h = (l_exp_time >> 8) & 0x3f;

	intt_short_l = s_exp_time & 0xff;
	intt_short_h = (s_exp_time >> 8) & 0x3f;

	ret |= gc13b0_write_reg(gc13b0->client, GC13B0_REG_EXPOSURE_H,
				GC13B0_REG_VALUE_08BIT,
				intt_long_h);
	ret |= gc13b0_write_reg(gc13b0->client, GC13B0_REG_EXPOSURE_L,
				GC13B0_REG_VALUE_08BIT,
				intt_long_l);
	ret |= gc13b0_write_reg(gc13b0->client, GC13B0_REG_SEXPOSURE_H,
				GC13B0_REG_VALUE_08BIT,
				intt_short_h);
	ret |= gc13b0_write_reg(gc13b0->client, GC13B0_REG_SEXPOSURE_L,
				GC13B0_REG_VALUE_08BIT,
				intt_short_l);

	ret |= gc13b0_set_gain_reg(gc13b0, gain);
	return ret;
}

static int gc13b0_g_frame_interval(struct v4l2_subdev *sd,
				   struct v4l2_subdev_frame_interval *fi)
{
	struct gc13b0 *gc13b0 = to_gc13b0(sd);
	const struct gc13b0_mode *mode = gc13b0->cur_mode;

	if (gc13b0->streaming)
		fi->interval = gc13b0->cur_fps;
	else
		fi->interval = mode->max_fps;

	return 0;
}

static const struct gc13b0_mode *gc13b0_find_mode(struct gc13b0 *gc13b0, int fps)
{
	const struct gc13b0_mode *mode = NULL;
	const struct gc13b0_mode *match = NULL;
	int cur_fps = 0;
	int i = 0;

	for (i = 0; i < gc13b0->cfg_num; i++) {
		mode = &gc13b0->supported_modes[i];
		if (mode->width == gc13b0->cur_mode->width &&
		    mode->height == gc13b0->cur_mode->height &&
		    mode->hdr_mode == gc13b0->cur_mode->hdr_mode &&
		    mode->bus_fmt == gc13b0->cur_mode->bus_fmt) {
			cur_fps = DIV_ROUND_CLOSEST(mode->max_fps.denominator,
				  mode->max_fps.numerator);
			if (cur_fps == fps) {
				match = mode;
				break;
			}
		}
	}
	return match;
}

static int gc13b0_s_frame_interval(struct v4l2_subdev *sd,
				   struct v4l2_subdev_frame_interval *fi)
{
	struct gc13b0 *gc13b0 = to_gc13b0(sd);
	const struct gc13b0_mode *mode = NULL;
	struct v4l2_fract *fract = &fi->interval;
	s64 h_blank, vblank_def;
	u64 pixel_rate = 0;
	int fps;

	if (gc13b0->streaming)
		return -EBUSY;

	if (fi->pad != 0)
		return -EINVAL;

	if (fract->numerator == 0) {
		v4l2_err(sd, "error param, check interval param\n");
		return -EINVAL;
	}
	fps = DIV_ROUND_CLOSEST(fract->denominator, fract->numerator);
	mode = gc13b0_find_mode(gc13b0, fps);
	if (mode == NULL) {
		v4l2_err(sd, "couldn't match fi\n");
		return -EINVAL;
	}

	gc13b0->cur_mode = mode;

	h_blank = mode->hts_def - mode->width;
	__v4l2_ctrl_modify_range(gc13b0->hblank, h_blank,
				 h_blank, 1, h_blank);
	vblank_def = mode->vts_def - mode->height;
	__v4l2_ctrl_modify_range(gc13b0->vblank, vblank_def,
				 GC13B0_VTS_MAX - mode->height,
				 1, vblank_def);
	pixel_rate = (u32)link_freq_menu_items[mode->link_freq_idx] / 10 * 2 * mode->lanes;

	dev_info(&gc13b0->client->dev, "vblank_def = %lld, pixel_rate = %lld\n",
		 vblank_def, pixel_rate);

	__v4l2_ctrl_s_ctrl_int64(gc13b0->pixel_rate,
				 pixel_rate);
	__v4l2_ctrl_s_ctrl(gc13b0->link_freq,
			   gc13b0->cur_link_freq);
	gc13b0->cur_fps = mode->max_fps;

	dev_info(&gc13b0->client->dev, "mode->max_fps = %d\n",
		 mode->max_fps.numerator/mode->max_fps.denominator);

	return 0;
}

static int gc13b0_g_mbus_config(struct v4l2_subdev *sd, unsigned int pad_id,
				struct v4l2_mbus_config *config)
{
	struct gc13b0 *gc13b0 = to_gc13b0(sd);
	const struct gc13b0_mode *mode = gc13b0->cur_mode;
	u8 lanes = gc13b0->bus_cfg.bus.mipi_csi2.num_data_lanes;

	u32 val = 1 << (lanes - 1) |
		  V4L2_MBUS_CSI2_CHANNEL_0 |
		  V4L2_MBUS_CSI2_CONTINUOUS_CLOCK;

	if (mode->hdr_mode != NO_HDR)
		val |= V4L2_MBUS_CSI2_CHANNEL_1;
	if (mode->hdr_mode == HDR_X3)
		val |= V4L2_MBUS_CSI2_CHANNEL_2;

	config->type = V4L2_MBUS_CSI2_DPHY;
	config->flags = val;

	return 0;
}

static void gc13b0_get_module_inf(struct gc13b0 *gc13b0,
				  struct rkmodule_inf *inf)
{
	memset(inf, 0, sizeof(*inf));
	strscpy(inf->base.sensor, GC13B0_NAME, sizeof(inf->base.sensor));
	strscpy(inf->base.module, gc13b0->module_name,
		sizeof(inf->base.module));
	strscpy(inf->base.lens, gc13b0->len_name, sizeof(inf->base.lens));
}

static int gc13b0_get_channel_info(struct gc13b0 *gc13b0, struct rkmodule_channel_info *ch_info)
{
	if (ch_info->index < PAD0 || ch_info->index >= PAD_MAX)
		return -EINVAL;
	ch_info->vc = gc13b0->cur_mode->vc[ch_info->index];
	ch_info->width = gc13b0->cur_mode->width;
	ch_info->height = gc13b0->cur_mode->height;
	ch_info->bus_fmt = gc13b0->cur_mode->bus_fmt;
	return 0;
}

static int gc13b0_set_setting(struct gc13b0 *gc13b0, struct rk_sensor_setting *setting)
{
	int i = 0;
	int cur_fps = 0;
	s64 h_blank, vblank_def;
	u64 pixel_rate = 0;
	const struct gc13b0_mode *mode = NULL;
	const struct gc13b0_mode *match = NULL;
	u8 lane = gc13b0->bus_cfg.bus.mipi_csi2.num_data_lanes;

	dev_info(&gc13b0->client->dev,
		"sensor setting: %d x %d, fps:%d fmt:%d, mode:%d\n",
		setting->width, setting->height,
		setting->fps, setting->fmt, setting->mode);

	for (i = 0; i < gc13b0->cfg_num; i++) {
		mode = &gc13b0->supported_modes[i];
		dev_info(&gc13b0->client->dev,
			"sensor mode[%d]: %d x %d, fps:%d fmt:%d, mode:%d\n",
			i, mode->width, mode->height,
			mode->max_fps.denominator / mode->max_fps.numerator,
			mode->bus_fmt, mode->hdr_mode);
		if (mode->width == setting->width &&
		    mode->height == setting->height &&
		    mode->hdr_mode == setting->mode &&
		    mode->bus_fmt == setting->fmt) {
			cur_fps = DIV_ROUND_CLOSEST(mode->max_fps.denominator,
				  mode->max_fps.numerator);
			if (cur_fps == setting->fps) {
				match = mode;
				break;
			}
		}
	}

	if (match) {
		dev_info(&gc13b0->client->dev, "-----%s: match the support mode, mode idx:%d-----\n",
			__func__, i);
		gc13b0->cur_mode = mode;

		h_blank = mode->hts_def - mode->width;
		__v4l2_ctrl_modify_range(gc13b0->hblank, h_blank,
					 h_blank, 1, h_blank);
		vblank_def = mode->vts_def - mode->height;
		__v4l2_ctrl_modify_range(gc13b0->vblank, vblank_def,
					 GC13B0_VTS_MAX - mode->height,
					 1, vblank_def);

		__v4l2_ctrl_s_ctrl(gc13b0->link_freq, mode->link_freq_idx);
		pixel_rate = (u32)link_freq_menu_items[mode->link_freq_idx] /
			     10 * 2 * lane;
		__v4l2_ctrl_s_ctrl_int64(gc13b0->pixel_rate, pixel_rate);
		dev_info(&gc13b0->client->dev, "freq_idx:%d pixel_rate:%lld\n",
			mode->link_freq_idx, pixel_rate);

		gc13b0->cur_vts = mode->vts_def;
		gc13b0->cur_fps = mode->max_fps;

		dev_info(&gc13b0->client->dev, "hts_def:%d cur_vts:%d cur_fps:%d\n",
			mode->hts_def, mode->vts_def,
			gc13b0->cur_fps.denominator / gc13b0->cur_fps.numerator);
	} else {
		dev_err(&gc13b0->client->dev, "couldn't match the support modes\n");
		return -EINVAL;
	}

	return 0;
}

static long gc13b0_ioctl(struct v4l2_subdev *sd, unsigned int cmd, void *arg)
{
	struct gc13b0 *gc13b0 = to_gc13b0(sd);
	struct rkmodule_hdr_cfg *hdr;
	struct rk_sensor_setting *setting;
	u32 i, h, w;
	long ret = 0;
	u32 stream = 0;
	u32 dst_link_freq = 0;
	u64 dst_pixel_rate = 0;
	u8 lanes = gc13b0->bus_cfg.bus.mipi_csi2.num_data_lanes;
	const struct gc13b0_mode *mode;
	struct rkmodule_channel_info *ch_info;
	int cur_best_fit = -1;
	int cur_best_fit_dist = -1;
	int cur_dist, cur_fps, dst_fps;

	switch (cmd) {
	case RKMODULE_GET_MODULE_INFO:
		gc13b0_get_module_inf(gc13b0, (struct rkmodule_inf *)arg);
		break;
	case RKMODULE_GET_HDR_CFG:
		hdr = (struct rkmodule_hdr_cfg *)arg;
		hdr->esp.mode = HDR_NORMAL_VC;
		hdr->hdr_mode = gc13b0->cur_mode->hdr_mode;
		break;
	case RKMODULE_SET_HDR_CFG:
		hdr = (struct rkmodule_hdr_cfg *)arg;
		if (hdr->hdr_mode == gc13b0->cur_mode->hdr_mode)
			return 0;

		w = gc13b0->cur_mode->width;
		h = gc13b0->cur_mode->height;
		dst_fps = DIV_ROUND_CLOSEST(gc13b0->cur_mode->max_fps.denominator,
					    gc13b0->cur_mode->max_fps.numerator);
		for (i = 0; i < gc13b0->cfg_num; i++) {
			if (w == gc13b0->supported_modes[i].width &&
			    h == gc13b0->supported_modes[i].height &&
			    gc13b0->supported_modes[i].hdr_mode == hdr->hdr_mode &&
			    gc13b0->supported_modes[i].bus_fmt == gc13b0->cur_mode->bus_fmt) {
				cur_fps = DIV_ROUND_CLOSEST(gc13b0->supported_modes[i].max_fps.denominator,
							    gc13b0->supported_modes[i].max_fps.numerator);
				cur_dist = abs(cur_fps - dst_fps);
				if (cur_best_fit_dist == -1 || cur_dist < cur_best_fit_dist) {
					cur_best_fit_dist = cur_dist;
					cur_best_fit = i;
				} else if (cur_dist == cur_best_fit_dist) {
					cur_best_fit = i;
					break;
				}
			}
		}
		if (cur_best_fit == -1) {
			dev_err(&gc13b0->client->dev,
				"not find hdr mode:%d %dx%d config\n",
				hdr->hdr_mode, w, h);
			ret = -EINVAL;
		} else {
			gc13b0->cur_mode = &gc13b0->supported_modes[cur_best_fit];
			mode = gc13b0->cur_mode;
			w = mode->hts_def - mode->width;
			h = mode->vts_def - mode->height;
			__v4l2_ctrl_modify_range(gc13b0->hblank, w, w, 1, w);
			__v4l2_ctrl_modify_range(gc13b0->vblank, h,
						 GC13B0_VTS_MAX - mode->height,
						 1, h);

			dst_link_freq = mode->link_freq_idx;
			dst_pixel_rate = (u32)link_freq_menu_items[dst_link_freq] / 10
					 * 2 * lanes;
			gc13b0->cur_link_freq = dst_link_freq;
			gc13b0->cur_pixel_rate = dst_pixel_rate;

			__v4l2_ctrl_s_ctrl_int64(gc13b0->pixel_rate,
						 gc13b0->cur_pixel_rate);
			__v4l2_ctrl_s_ctrl(gc13b0->link_freq,
					   gc13b0->cur_link_freq);
			gc13b0->cur_vts = mode->vts_def;
		}
		break;
	case PREISP_CMD_SET_HDRAE_EXP:
		ret = gc13b0_set_hdrae(gc13b0, arg);
		if (gc13b0->cam_sw_inf)
			memcpy(&gc13b0->cam_sw_inf->hdr_ae,
				(struct preisp_hdrae_exp_s *)(arg),
				sizeof(struct preisp_hdrae_exp_s));
		break;
	case RKMODULE_SET_QUICK_STREAM:
		stream = *((u32 *)arg);

		if (stream)
			ret = gc13b0_write_reg(gc13b0->client, GC13B0_REG_CTRL_MODE,
					       GC13B0_REG_VALUE_08BIT, GC13B0_MODE_STREAMING);
		else
			ret = gc13b0_write_reg(gc13b0->client, GC13B0_REG_CTRL_MODE,
					       GC13B0_REG_VALUE_08BIT, GC13B0_MODE_SW_STANDBY);
		break;
	case RKCIS_CMD_SELECT_SETTING:
		setting = (struct rk_sensor_setting *)arg;
		ret = gc13b0_set_setting(gc13b0, setting);
		break;
	case RKMODULE_GET_CHANNEL_INFO:
		ch_info = (struct rkmodule_channel_info *)arg;
		ret = gc13b0_get_channel_info(gc13b0, ch_info);
		break;
	default:
		ret = -ENOIOCTLCMD;
		break;
	}

	return ret;
}

#ifdef CONFIG_COMPAT
static long gc13b0_compat_ioctl32(struct v4l2_subdev *sd,
				  unsigned int cmd, unsigned long arg)
{
	void __user *up = compat_ptr(arg);
	struct rkmodule_inf *inf;
	struct rkmodule_awb_cfg *cfg;
	struct rkmodule_hdr_cfg *hdr;
	struct preisp_hdrae_exp_s *hdrae;
	struct rk_sensor_setting *setting;
	long ret;
	u32 stream = 0;
	struct rkmodule_channel_info *ch_info;

	switch (cmd) {
	case RKMODULE_GET_MODULE_INFO:
		inf = kzalloc(sizeof(*inf), GFP_KERNEL);
		if (!inf) {
			ret = -ENOMEM;
			return ret;
		}

		ret = gc13b0_ioctl(sd, cmd, inf);
		if (!ret) {
			ret = copy_to_user(up, inf, sizeof(*inf));
			if (ret)
				ret = -EFAULT;
		}
		kfree(inf);
		break;
	case RKMODULE_AWB_CFG:
		cfg = kzalloc(sizeof(*cfg), GFP_KERNEL);
		if (!cfg) {
			ret = -ENOMEM;
			return ret;
		}

		ret = copy_from_user(cfg, up, sizeof(*cfg));
		if (!ret)
			ret = gc13b0_ioctl(sd, cmd, cfg);
		else
			ret = -EFAULT;
		kfree(cfg);
		break;
	case RKMODULE_GET_HDR_CFG:
		hdr = kzalloc(sizeof(*hdr), GFP_KERNEL);
		if (!hdr) {
			ret = -ENOMEM;
			return ret;
		}

		ret = gc13b0_ioctl(sd, cmd, hdr);
		if (!ret) {
			ret = copy_to_user(up, hdr, sizeof(*hdr));
			if (ret)
				ret = -EFAULT;
		}
		kfree(hdr);
		break;
	case RKMODULE_SET_HDR_CFG:
		hdr = kzalloc(sizeof(*hdr), GFP_KERNEL);
		if (!hdr) {
			ret = -ENOMEM;
			return ret;
		}

		ret = copy_from_user(hdr, up, sizeof(*hdr));
		if (!ret)
			ret = gc13b0_ioctl(sd, cmd, hdr);
		else
			ret = -EFAULT;
		kfree(hdr);
		break;
	case PREISP_CMD_SET_HDRAE_EXP:
		hdrae = kzalloc(sizeof(*hdrae), GFP_KERNEL);
		if (!hdrae) {
			ret = -ENOMEM;
			return ret;
		}

		ret = copy_from_user(hdrae, up, sizeof(*hdrae));
		if (!ret)
			ret = gc13b0_ioctl(sd, cmd, hdrae);
		else
			ret = -EFAULT;
		kfree(hdrae);
		break;
	case RKMODULE_SET_QUICK_STREAM:
		ret = copy_from_user(&stream, up, sizeof(u32));
		if (!ret)
			ret = gc13b0_ioctl(sd, cmd, &stream);
		else
			ret = -EFAULT;
		break;
	case RKCIS_CMD_SELECT_SETTING:
		setting = kzalloc(sizeof(*setting), GFP_KERNEL);
		if (!setting) {
			ret = -ENOMEM;
			return ret;
		}

		ret = copy_from_user(setting, up, sizeof(*setting));
		if (!ret)
			ret = gc13b0_ioctl(sd, cmd, setting);
		else
			ret = -EFAULT;
		kfree(setting);
		break;
	case RKMODULE_GET_CHANNEL_INFO:
		ch_info = kzalloc(sizeof(*ch_info), GFP_KERNEL);
		if (!ch_info) {
			ret = -ENOMEM;
			return ret;
		}

		ret = gc13b0_ioctl(sd, cmd, ch_info);
		if (!ret) {
			ret = copy_to_user(up, ch_info, sizeof(*ch_info));
			if (ret)
				ret = -EFAULT;
		}
		kfree(ch_info);
		break;
	default:
		ret = -ENOIOCTLCMD;
		break;
	}

	return ret;
}
#endif

static int __gc13b0_start_stream(struct gc13b0 *gc13b0)
{
	int ret;

	if (!gc13b0->is_thunderboot) {
		ret = gc13b0_write_array(gc13b0->client, gc13b0->cur_mode->global_reg_list);
		if (ret)
			dev_info(&gc13b0->client->dev, "write global reg err\n");

		dev_info(&gc13b0->client->dev, "write global reg done\n");
		ret = gc13b0_write_array(gc13b0->client, gc13b0->cur_mode->reg_list);
		if (ret)
			return ret;

		dev_info(&gc13b0->client->dev, "write reg array done, start stream\n");

		/* In case these controls are set before streaming */
		ret = __v4l2_ctrl_handler_setup(&gc13b0->ctrl_handler);
		if (ret)
			return ret;
		if (gc13b0->has_init_exp && gc13b0->cur_mode->hdr_mode != NO_HDR) {
			ret = gc13b0_ioctl(&gc13b0->subdev, PREISP_CMD_SET_HDRAE_EXP,
					&gc13b0->init_hdrae_exp);
			if (ret) {
				dev_err(&gc13b0->client->dev,
					"init exp fail in hdr mode\n");
				return ret;
			}
		}
	} else {
		dev_info(&gc13b0->client->dev, "thunderboot mode, just streaming\n");
	}
	dev_info(&gc13b0->client->dev, "__v4l2_ctrl_handler_setup done, ready to start stream\n");

	ret = gc13b0_write_reg(gc13b0->client, GC13B0_REG_CTRL_MODE,
				GC13B0_REG_VALUE_08BIT, GC13B0_MODE_STREAMING);
	dev_info(&gc13b0->client->dev, "write stream done, streaming ......, ret: %d\n", ret);

	return ret;
}

static int __gc13b0_stop_stream(struct gc13b0 *gc13b0)
{
	gc13b0->has_init_exp = false;

	dev_info(&gc13b0->client->dev, "write stop stream , stop streaming ......\n");
	return gc13b0_write_reg(gc13b0->client, GC13B0_REG_CTRL_MODE,
				GC13B0_REG_VALUE_08BIT, GC13B0_MODE_SW_STANDBY);
}

static int __gc13b0_power_on(struct gc13b0 *gc13b0);
static int gc13b0_s_stream(struct v4l2_subdev *sd, int on)
{
	struct gc13b0 *gc13b0 = to_gc13b0(sd);
	struct i2c_client *client = gc13b0->client;
	int ret = 0;

	mutex_lock(&gc13b0->mutex);
	on = !!on;
	if (on == gc13b0->streaming)
		goto unlock_and_return;

	if (on) {
		if (gc13b0->is_thunderboot && rkisp_tb_get_state() == RKISP_TB_NG) {
			gc13b0->is_thunderboot = false;
			__gc13b0_power_on(gc13b0);
		}
		ret = pm_runtime_get_sync(&client->dev);
		if (ret < 0) {
			pm_runtime_put_noidle(&client->dev);
			goto unlock_and_return;
		}

		ret = __gc13b0_start_stream(gc13b0);
		if (ret) {
			v4l2_err(sd, "start stream failed while write regs\n");
			pm_runtime_put(&client->dev);
			goto unlock_and_return;
		}
	} else {
		__gc13b0_stop_stream(gc13b0);
		pm_runtime_put(&client->dev);
	}

	gc13b0->streaming = on;

unlock_and_return:
	mutex_unlock(&gc13b0->mutex);

	return ret;
}

static int gc13b0_s_power(struct v4l2_subdev *sd, int on)
{
	struct gc13b0 *gc13b0 = to_gc13b0(sd);
	struct i2c_client *client = gc13b0->client;
	int ret = 0;

	mutex_lock(&gc13b0->mutex);

	/* If the power state is not modified - no work to do. */
	if (gc13b0->power_on == !!on)
		goto unlock_and_return;

	if (on) {
		ret = pm_runtime_get_sync(&client->dev);
		if (ret < 0) {
			pm_runtime_put_noidle(&client->dev);
			goto unlock_and_return;
		}

		if (!gc13b0->is_thunderboot) {
			ret = gc13b0_write_array(gc13b0->client, gc13b0->cur_mode->global_reg_list);
			if (ret) {
				v4l2_err(sd, "could not set init registers\n");
				pm_runtime_put_noidle(&client->dev);
				goto unlock_and_return;
			}

			dev_info(&gc13b0->client->dev, "write global reg done\n");
		}

		gc13b0->power_on = true;
	} else {
		pm_runtime_put(&client->dev);
		gc13b0->power_on = false;
	}

unlock_and_return:
	mutex_unlock(&gc13b0->mutex);

	return ret;
}

/* Calculate the delay in us by clock rate and clock cycles */
static inline u32 gc13b0_cal_delay(u32 cycles)
{
	return DIV_ROUND_UP(cycles, GC13B0_XVCLK_FREQ_24M / 1000 / 1000);
}

static int __gc13b0_power_on(struct gc13b0 *gc13b0)
{
	int ret;
	u32 delay_us;
	struct device *dev = &gc13b0->client->dev;

	if (!IS_ERR_OR_NULL(gc13b0->pins_default)) {
		ret = pinctrl_select_state(gc13b0->pinctrl,
					   gc13b0->pins_default);
		if (ret < 0)
			dev_err(dev, "could not set pins\n");
	}
	ret = clk_set_rate(gc13b0->xvclk, GC13B0_XVCLK_FREQ_24M);
	if (ret < 0)
		dev_warn(dev, "Failed to set xvclk rate (24MHz)\n");
	if (clk_get_rate(gc13b0->xvclk) != GC13B0_XVCLK_FREQ_24M)
		dev_warn(dev, "xvclk mismatched, modes are based on 24MHz\n");
	ret = clk_prepare_enable(gc13b0->xvclk);
	if (ret < 0) {
		dev_err(dev, "Failed to enable xvclk\n");
		goto err_clk;
	}

	cam_sw_regulator_bulk_init(gc13b0->cam_sw_inf,
				   GC13B0_NUM_SUPPLIES, gc13b0->supplies);

	if (gc13b0->is_thunderboot)
		return 0;

	if (!IS_ERR(gc13b0->reset_gpio))
		gpiod_set_value_cansleep(gc13b0->reset_gpio, 0);

	if (!IS_ERR(gc13b0->pwdn_gpio))
		gpiod_set_value_cansleep(gc13b0->pwdn_gpio, 0);

	usleep_range(500, 1000);
	ret = regulator_bulk_enable(GC13B0_NUM_SUPPLIES, gc13b0->supplies);

	if (ret < 0) {
		dev_err(dev, "Failed to enable regulators\n");
		goto disable_clk;
	}

	if (!IS_ERR(gc13b0->pwren_gpio))
		gpiod_set_value_cansleep(gc13b0->pwren_gpio, 1);

	usleep_range(1000, 1100);
	if (!IS_ERR(gc13b0->pwdn_gpio))
		gpiod_set_value_cansleep(gc13b0->pwdn_gpio, 1);
	usleep_range(100, 150);
	if (!IS_ERR(gc13b0->reset_gpio))
		gpiod_set_value_cansleep(gc13b0->reset_gpio, 1);

	/* 8192 cycles prior to first SCCB transaction */
	delay_us = gc13b0_cal_delay(8192);
	usleep_range(delay_us, delay_us * 2);

	return 0;

err_clk:
	if (!IS_ERR(gc13b0->reset_gpio))
		gpiod_direction_output(gc13b0->reset_gpio, 0);
disable_clk:
	clk_disable_unprepare(gc13b0->xvclk);

	return ret;
}

static void __gc13b0_power_off(struct gc13b0 *gc13b0)
{
	int ret;
	struct device *dev = &gc13b0->client->dev;

	clk_disable_unprepare(gc13b0->xvclk);
	if (gc13b0->is_thunderboot) {
		if (gc13b0->is_first_streamoff) {
			gc13b0->is_thunderboot = false;
			gc13b0->is_first_streamoff = false;
		} else {
			return;
		}
	}

	if (!IS_ERR(gc13b0->pwdn_gpio))
		gpiod_set_value_cansleep(gc13b0->pwdn_gpio, 0);
	if (!IS_ERR(gc13b0->reset_gpio))
		gpiod_set_value_cansleep(gc13b0->reset_gpio, 0);
	if (!IS_ERR_OR_NULL(gc13b0->pins_sleep)) {
		ret = pinctrl_select_state(gc13b0->pinctrl,
					   gc13b0->pins_sleep);
		if (ret < 0)
			dev_dbg(dev, "could not set pins\n");
	}
	regulator_bulk_disable(GC13B0_NUM_SUPPLIES, gc13b0->supplies);
	if (!IS_ERR(gc13b0->pwren_gpio))
		gpiod_set_value_cansleep(gc13b0->pwren_gpio, 0);
}

#if IS_REACHABLE(CONFIG_VIDEO_CAM_SLEEP_WAKEUP)
static int gc13b0_resume(struct device *dev)
{
	int ret;
	struct i2c_client *client = to_i2c_client(dev);
	struct v4l2_subdev *sd = i2c_get_clientdata(client);
	struct gc13b0 *gc13b0 = to_gc13b0(sd);

	cam_sw_prepare_wakeup(gc13b0->cam_sw_inf, dev);

	usleep_range(4000, 5000);
	cam_sw_write_array(gc13b0->cam_sw_inf);

	if (__v4l2_ctrl_handler_setup(&gc13b0->ctrl_handler))
		dev_err(dev, "__v4l2_ctrl_handler_setup fail!");

	if (gc13b0->has_init_exp && gc13b0->cur_mode != NO_HDR) {	// hdr mode
		ret = gc13b0_ioctl(&gc13b0->subdev, PREISP_CMD_SET_HDRAE_EXP,
				   &gc13b0->cam_sw_inf->hdr_ae);
		if (ret) {
			dev_err(&gc13b0->client->dev, "set exp fail in hdr mode\n");
			return ret;
		}
	}
	return 0;
}

static int gc13b0_suspend(struct device *dev)
{
	struct i2c_client *client = to_i2c_client(dev);
	struct v4l2_subdev *sd = i2c_get_clientdata(client);
	struct gc13b0 *gc13b0 = to_gc13b0(sd);

	cam_sw_write_array_cb_init(gc13b0->cam_sw_inf, client,
				   (void *)gc13b0->cur_mode->reg_list,
				   (sensor_write_array)gc13b0_write_array);
	cam_sw_prepare_sleep(gc13b0->cam_sw_inf);

	return 0;
}
#else
#define gc13b0_resume NULL
#define gc13b0_suspend NULL
#endif

static int gc13b0_runtime_resume(struct device *dev)
{
	struct i2c_client *client = to_i2c_client(dev);
	struct v4l2_subdev *sd = i2c_get_clientdata(client);
	struct gc13b0 *gc13b0 = to_gc13b0(sd);

	return __gc13b0_power_on(gc13b0);
}

static int gc13b0_runtime_suspend(struct device *dev)
{
	struct i2c_client *client = to_i2c_client(dev);
	struct v4l2_subdev *sd = i2c_get_clientdata(client);
	struct gc13b0 *gc13b0 = to_gc13b0(sd);

	__gc13b0_power_off(gc13b0);

	return 0;
}

#ifdef CONFIG_VIDEO_V4L2_SUBDEV_API
static int gc13b0_open(struct v4l2_subdev *sd, struct v4l2_subdev_fh *fh)
{
	struct gc13b0 *gc13b0 = to_gc13b0(sd);
	struct v4l2_mbus_framefmt *try_fmt =
		v4l2_subdev_get_try_format(sd, fh->pad, 0);
	const struct gc13b0_mode *def_mode = &gc13b0->supported_modes[0];

	mutex_lock(&gc13b0->mutex);
	/* Initialize try_fmt */
	try_fmt->width = def_mode->width;
	try_fmt->height = def_mode->height;
	try_fmt->code = def_mode->bus_fmt;
	try_fmt->field = V4L2_FIELD_NONE;

	mutex_unlock(&gc13b0->mutex);
	/* No crop or compose */

	return 0;
}
#endif

static int gc13b0_enum_frame_interval(struct v4l2_subdev *sd,
				      struct v4l2_subdev_pad_config *cfg,
				      struct v4l2_subdev_frame_interval_enum *fie)
{
	struct gc13b0 *gc13b0 = to_gc13b0(sd);

	if (fie->index >= gc13b0->cfg_num)
		return -EINVAL;

	fie->code = gc13b0->supported_modes[fie->index].bus_fmt;
	fie->width = gc13b0->supported_modes[fie->index].width;
	fie->height = gc13b0->supported_modes[fie->index].height;
	fie->interval = gc13b0->supported_modes[fie->index].max_fps;
	fie->reserved[0] = gc13b0->supported_modes[fie->index].hdr_mode;
	return 0;
}

static const struct dev_pm_ops gc13b0_pm_ops = {
	SET_RUNTIME_PM_OPS(gc13b0_runtime_suspend,
			   gc13b0_runtime_resume, NULL)
	SET_LATE_SYSTEM_SLEEP_PM_OPS(gc13b0_suspend, gc13b0_resume)
};

#ifdef CONFIG_VIDEO_V4L2_SUBDEV_API
static const struct v4l2_subdev_internal_ops gc13b0_internal_ops = {
	.open = gc13b0_open,
};
#endif

static const struct v4l2_subdev_core_ops gc13b0_core_ops = {
	.s_power = gc13b0_s_power,
	.ioctl = gc13b0_ioctl,
#ifdef CONFIG_COMPAT
	.compat_ioctl32 = gc13b0_compat_ioctl32,
#endif
};

static const struct v4l2_subdev_video_ops gc13b0_video_ops = {
	.s_stream = gc13b0_s_stream,
	.g_frame_interval = gc13b0_g_frame_interval,
	.s_frame_interval = gc13b0_s_frame_interval,
};

static const struct v4l2_subdev_pad_ops gc13b0_pad_ops = {
	.enum_mbus_code = gc13b0_enum_mbus_code,
	.enum_frame_size = gc13b0_enum_frame_sizes,
	.enum_frame_interval = gc13b0_enum_frame_interval,
	.get_fmt = gc13b0_get_fmt,
	.set_fmt = gc13b0_set_fmt,
	.get_mbus_config = gc13b0_g_mbus_config,
};

static const struct v4l2_subdev_ops gc13b0_subdev_ops = {
	.core	= &gc13b0_core_ops,
	.video	= &gc13b0_video_ops,
	.pad	= &gc13b0_pad_ops,
};

static void gc13b0_modify_fps_info(struct gc13b0 *gc13b0)
{
	const struct gc13b0_mode *mode = gc13b0->cur_mode;

	gc13b0->cur_fps.denominator = mode->max_fps.denominator * mode->vts_def /
				      gc13b0->cur_vts;
}

static int gc13b0_set_ctrl(struct v4l2_ctrl *ctrl)
{
	struct gc13b0 *gc13b0 = container_of(ctrl->handler,
					     struct gc13b0, ctrl_handler);
	struct i2c_client *client = gc13b0->client;
	s64 max;
	int vts = 0;
	int ret = 0;
	int shutter = 0, cal_gain = 0, cal_NE = 0;
	u32 val = 0;

	/*Propagate change of current control to all related controls*/
	switch (ctrl->id) {
	case V4L2_CID_VBLANK:
		/*Update max exposure while meeting expected vblanking*/
		max = gc13b0->cur_mode->height + ctrl->val - 16;
		__v4l2_ctrl_modify_range(gc13b0->exposure,
					 gc13b0->exposure->minimum,
					 max,
					 gc13b0->exposure->step,
					 gc13b0->exposure->default_value);
		break;
	}

	if (!pm_runtime_get_if_in_use(&client->dev))
		return 0;

	switch (ctrl->id) {
	case V4L2_CID_EXPOSURE:
		dev_dbg(&client->dev, "set exposure 0x%x\n", ctrl->val);
		/* 4 least significant bits of expsoure are fractional part */
		shutter = ctrl->val;
		cal_NE = shutter >> 1;
		cal_gain = shutter * 8192 / cal_NE / 2;
		ret = gc13b0_write_reg(gc13b0->client, GC13B0_REG_EXPOSURE_H,
				       GC13B0_REG_VALUE_08BIT,
				       cal_NE >> 8);
		ret |= gc13b0_write_reg(gc13b0->client, GC13B0_REG_EXPOSURE_L,
					GC13B0_REG_VALUE_08BIT,
					cal_NE & 0xff);
		//dgain (0x0275 - 0x0277) is only used for compensating the brightness difference
		//and shall not be used for any other purposes.
		ret |= gc13b0_write_reg(gc13b0->client, GC13B0_REG_DGAIN_H,
					GC13B0_REG_VALUE_08BIT,
					cal_gain >> 16);
		ret |= gc13b0_write_reg(gc13b0->client, GC13B0_REG_DGAIN_M,
					GC13B0_REG_VALUE_08BIT,
					(cal_gain >> 8) & 0xff);
		ret |= gc13b0_write_reg(gc13b0->client, GC13B0_REG_DGAIN_L,
					GC13B0_REG_VALUE_08BIT,
					cal_gain & 0xff);
		break;
	case V4L2_CID_ANALOGUE_GAIN:
		ret = gc13b0_set_gain_reg(gc13b0, ctrl->val);
		break;
	case V4L2_CID_VBLANK:
		dev_dbg(&client->dev, "set vblank 0x%x\n", ctrl->val);
		vts = ctrl->val + gc13b0->cur_mode->height;
		gc13b0->cur_vts = vts;

		/* according fae and document:
		 * To achieve 4K@60fps, the chip simultaneously exposes two rows internally,
		 * but the MIPI outputs them sequentially row by row.
		 * This results in the exposure row time being twice the MIPI row time.
		 * Therefore, in the mobile phone driver,
		 * the platform-calculated shutter and FL values must be divided by 2
		 * when written to the sensor.
		 * The precision loss is compensated by Dgain (located at registers 0x0275 to 0x0277).
		 */
		vts >>= 1;
		dev_info(&client->dev, "set cur_vts = 0x%x, vts = %#x\n", gc13b0->cur_vts, vts);

		ret = gc13b0_write_reg(gc13b0->client, GC13B0_REG_VTS_H,
				       GC13B0_REG_VALUE_08BIT,
				       vts >> 8);
		ret |= gc13b0_write_reg(gc13b0->client, GC13B0_REG_VTS_L,
					GC13B0_REG_VALUE_08BIT,
					vts & 0xff);
		if (gc13b0->cur_vts != gc13b0->cur_mode->vts_def) {
			dev_info(&client->dev, "set vts = 0x%x\n", gc13b0->cur_vts);
			gc13b0_modify_fps_info(gc13b0);
		}
		break;
	case V4L2_CID_TEST_PATTERN:
		ret = gc13b0_enable_test_pattern(gc13b0, ctrl->val);
		break;
	case V4L2_CID_HFLIP:
		/*To ensure the normal operation of the digital module,
		 *it is recommended not to modify the configuration at position 0x0101.
		 */
		ret = gc13b0_read_reg(gc13b0->client, GC13B0_FLIP_MIRROR_REG,
				      GC13B0_REG_VALUE_08BIT, &val);

		/* if set Horizontal Mirror, the bayer order is RGGB*/
		if (ctrl->val)
			val |= GC13B0_MIRROR_BIT_MASK;
		else
			val &= ~GC13B0_MIRROR_BIT_MASK;

		ret |= gc13b0_write_reg(gc13b0->client, GC13B0_FLIP_MIRROR_REG,
					GC13B0_REG_VALUE_08BIT,
					val);
		dev_info(&client->dev, "set hflip %s\n",
			 ctrl->val ? "on" : "off");
		break;
	case V4L2_CID_VFLIP:
		/*To ensure the normal operation of the digital module,
		 *it is recommended not to modify the configuration at position 0x0101.
		 */
		ret = gc13b0_read_reg(gc13b0->client, GC13B0_FLIP_MIRROR_REG,
				      GC13B0_REG_VALUE_08BIT, &val);

		/* if set Vertical Flip, the bayer order is BGGR*/
		if (ctrl->val)
			val |= GC13B0_FLIP_BIT_MASK;
		else
			val &= ~GC13B0_FLIP_BIT_MASK;

		ret |= gc13b0_write_reg(gc13b0->client, GC13B0_FLIP_MIRROR_REG,
					GC13B0_REG_VALUE_08BIT,
					val);
		dev_info(&client->dev, "set vflip %s\n",
			 ctrl->val ? "on" : "off");
		break;
	default:
		dev_warn(&client->dev, "%s Unhandled id:0x%x, val:0x%x\n",
			 __func__, ctrl->id, ctrl->val);
		break;
	}

	pm_runtime_put(&client->dev);

	return ret;
}

static const struct v4l2_ctrl_ops gc13b0_ctrl_ops = {
	.s_ctrl = gc13b0_set_ctrl,
};

static int gc13b0_set_pixel_rate(struct gc13b0 *gc13b0, int lanes)
{
	const struct gc13b0_mode *mode;
	struct v4l2_ctrl_handler *handler;
	u32 linkfreq_idx;

	handler = &gc13b0->ctrl_handler;
	mode = gc13b0->cur_mode;
	linkfreq_idx = mode->link_freq_idx;

	if (lanes == 2) {
		switch (linkfreq_idx) {
		case 0:
			gc13b0->pixel_rate =
				v4l2_ctrl_new_std(handler, NULL,
						V4L2_CID_PIXEL_RATE,
						0, GC13B0_PIXEL_RATE_FULL_2L,
						1, GC13B0_PIXEL_RATE_FULL_2L);
			break;
		case 1:
			gc13b0->pixel_rate =
				v4l2_ctrl_new_std(handler, NULL,
						V4L2_CID_PIXEL_RATE,
						0, GC13B0_PIXEL_RATE_376M_2L,
						1, GC13B0_PIXEL_RATE_376M_2L);
			break;
		case 2:
			gc13b0->pixel_rate =
				v4l2_ctrl_new_std(handler, NULL,
						V4L2_CID_PIXEL_RATE,
						0, GC13B0_PIXEL_RATE_752M_2L,
						1, GC13B0_PIXEL_RATE_752M_2L);
			break;
		case 3:
			gc13b0->pixel_rate =
				v4l2_ctrl_new_std(handler, NULL,
						V4L2_CID_PIXEL_RATE,
						0, GC13B0_PIXEL_RATE_488M_2L,
						1, GC13B0_PIXEL_RATE_488M_2L);
			break;
		default:
			gc13b0->pixel_rate =
				v4l2_ctrl_new_std(handler, NULL,
						V4L2_CID_PIXEL_RATE,
						0, GC13B0_PIXEL_RATE_FULL_2L,
						1, GC13B0_PIXEL_RATE_FULL_2L);
			break;
		}
	} else if (lanes == 4) {
		switch (linkfreq_idx) {
		case 0:
			gc13b0->pixel_rate =
				v4l2_ctrl_new_std(handler, NULL,
						V4L2_CID_PIXEL_RATE,
						0, GC13B0_PIXEL_RATE_FULL_4L,
						1, GC13B0_PIXEL_RATE_FULL_4L);
			break;
		case 1:
			gc13b0->pixel_rate =
				v4l2_ctrl_new_std(handler, NULL,
						V4L2_CID_PIXEL_RATE,
						0, GC13B0_PIXEL_RATE_376M_4L,
						1, GC13B0_PIXEL_RATE_376M_4L);
			break;
		case 2:
			gc13b0->pixel_rate =
				v4l2_ctrl_new_std(handler, NULL,
						V4L2_CID_PIXEL_RATE,
						0, GC13B0_PIXEL_RATE_752M_4L,
						1, GC13B0_PIXEL_RATE_752M_4L);
			break;
		case 3:
			gc13b0->pixel_rate =
				v4l2_ctrl_new_std(handler, NULL,
						V4L2_CID_PIXEL_RATE,
						0, GC13B0_PIXEL_RATE_488M_4L,
						1, GC13B0_PIXEL_RATE_488M_4L);
			break;
		default:
			gc13b0->pixel_rate =
				v4l2_ctrl_new_std(handler, NULL,
						V4L2_CID_PIXEL_RATE,
						0, GC13B0_PIXEL_RATE_FULL_4L,
						1, GC13B0_PIXEL_RATE_FULL_4L);
			break;
		}
	}

	return 0;
}

static int gc13b0_initialize_controls(struct gc13b0 *gc13b0)
{
	const struct gc13b0_mode *mode;
	struct v4l2_ctrl_handler *handler;
	s64 exposure_max, vblank_def;
	u32 h_blank;
	int ret;
	u32 dst_link_freq = 0;
	u64 dst_pixel_rate = 0;
	u8 lanes = gc13b0->bus_cfg.bus.mipi_csi2.num_data_lanes;

	handler = &gc13b0->ctrl_handler;
	mode = gc13b0->cur_mode;
	ret = v4l2_ctrl_handler_init(handler, 9);
	if (ret)
		return ret;
	handler->lock = &gc13b0->mutex;

	gc13b0->link_freq = v4l2_ctrl_new_int_menu(handler, NULL, V4L2_CID_LINK_FREQ,
				ARRAY_SIZE(link_freq_menu_items) - 1, 0, link_freq_menu_items);
	if (gc13b0->link_freq)
		gc13b0->link_freq->flags |= V4L2_CTRL_FLAG_READ_ONLY;

	dst_link_freq = mode->link_freq_idx;
	dst_pixel_rate = (u32)link_freq_menu_items[mode->link_freq_idx] / 10 * 2 * lanes;

	gc13b0->cur_link_freq = dst_link_freq;
	gc13b0->cur_pixel_rate = dst_pixel_rate;
	__v4l2_ctrl_s_ctrl(gc13b0->link_freq, dst_link_freq);

	gc13b0_set_pixel_rate(gc13b0, lanes);

	if (handler->error) {
		ret = handler->error;
		dev_err(&gc13b0->client->dev,
			"Failed to init pixel controls(%d)\n", ret);
		goto err_free_handler;
	}

	h_blank = mode->hts_def - mode->width;
	gc13b0->hblank = v4l2_ctrl_new_std(handler, NULL, V4L2_CID_HBLANK,
					   h_blank, h_blank, 1, h_blank);
	if (gc13b0->hblank)
		gc13b0->hblank->flags |= V4L2_CTRL_FLAG_READ_ONLY;

	if (handler->error) {
		ret = handler->error;
		dev_err(&gc13b0->client->dev,
			"Failed to init hblank controls(%d)\n", ret);
		goto err_free_handler;
	}

	vblank_def = mode->vts_def - mode->height;
	gc13b0->cur_vts = mode->vts_def;
	dev_info(&gc13b0->client->dev, "vblank_def:%lld\n", vblank_def);
	gc13b0->vblank = v4l2_ctrl_new_std(handler, &gc13b0_ctrl_ops,
					   V4L2_CID_VBLANK, vblank_def,
					   GC13B0_VTS_MAX - mode->height,
					   1, vblank_def);
	if (handler->error) {
		ret = handler->error;
		dev_err(&gc13b0->client->dev,
			"Failed to init vblank controls(%d)\n", ret);
		goto err_free_handler;
	}
	exposure_max = mode->vts_def - 16;
	gc13b0->exposure = v4l2_ctrl_new_std(handler, &gc13b0_ctrl_ops,
					     V4L2_CID_EXPOSURE,
					     GC13B0_EXPOSURE_MIN,
					     exposure_max,
					     GC13B0_EXPOSURE_STEP,
					     mode->exp_def);
	if (handler->error) {
		ret = handler->error;
		dev_err(&gc13b0->client->dev,
			"Failed to init exposure controls(%d)\n", ret);
		goto err_free_handler;
	}
	gc13b0->anal_gain = v4l2_ctrl_new_std(handler, &gc13b0_ctrl_ops,
					      V4L2_CID_ANALOGUE_GAIN,
					      GC13B0_AGAIN_MIN,
					      GC13B0_AGAIN_MAX,
					      GC13B0_AGAIN_STEP,
					      GC13B0_AGAIN_DEFAULT);
	if (handler->error) {
		ret = handler->error;
		dev_err(&gc13b0->client->dev,
			"Failed to init analogue gain controls(%d)\n", ret);
		goto err_free_handler;
	}
	gc13b0->test_pattern =
		v4l2_ctrl_new_std_menu_items(handler,
					     &gc13b0_ctrl_ops,
					     V4L2_CID_TEST_PATTERN,
					     ARRAY_SIZE(gc13b0_test_pattern_menu) - 1,
					     0, 0, gc13b0_test_pattern_menu);

	gc13b0->h_flip = v4l2_ctrl_new_std(handler, &gc13b0_ctrl_ops,
					   V4L2_CID_HFLIP, 0, 1, 1, 0);

	gc13b0->v_flip = v4l2_ctrl_new_std(handler, &gc13b0_ctrl_ops,
					   V4L2_CID_VFLIP, 0, 1, 1, 0);
	if (handler->error) {
		ret = handler->error;
		dev_err(&gc13b0->client->dev,
			"Failed to init controls(%d)\n", ret);
		goto err_free_handler;
	}

	gc13b0->subdev.ctrl_handler = handler;
	gc13b0->has_init_exp = false;

	return 0;

err_free_handler:
	v4l2_ctrl_handler_free(handler);

	return ret;
}

static int gc13b0_check_sensor_id(struct gc13b0 *gc13b0,
				  struct i2c_client *client)
{
	struct device *dev = &gc13b0->client->dev;
	u16 id = 0;
	u32 reg_H = 0;
	u32 reg_L = 0;
	int ret;

	if (gc13b0->is_thunderboot) {
		dev_info(dev, "Enable thunderboot mode, skip sensor id check\n");
		return 0;
	}

	ret = gc13b0_read_reg(client, GC13B0_REG_CHIP_ID_H,
			      GC13B0_REG_VALUE_08BIT, &reg_H);
	ret |= gc13b0_read_reg(client, GC13B0_REG_CHIP_ID_L,
			       GC13B0_REG_VALUE_08BIT, &reg_L);

	id = ((reg_H << 8) & 0xff00) | (reg_L & 0xff);
	if (!(reg_H == (CHIP_ID >> 8) || reg_L == (CHIP_ID & 0xff))) {
		dev_err(dev, "Unexpected sensor id(%06x), ret(%d)\n", id, ret);
		return -ENODEV;
	}

	dev_info(dev, "Detected gc13b0 (0x%04x) sensor\n", id);
	return 0;
}

static int gc13b0_configure_regulators(struct gc13b0 *gc13b0)
{
	unsigned int i;

	for (i = 0; i < GC13B0_NUM_SUPPLIES; i++)
		gc13b0->supplies[i].supply = gc13b0_supply_names[i];

	return devm_regulator_bulk_get(&gc13b0->client->dev,
				       GC13B0_NUM_SUPPLIES,
				       gc13b0->supplies);
}

static int gc13b0_read_module_info(struct gc13b0 *gc13b0)
{
	int ret;
	struct device *dev = &gc13b0->client->dev;
	struct device_node *node = dev->of_node;

	ret = of_property_read_u32(node, RKMODULE_CAMERA_MODULE_INDEX,
				   &gc13b0->module_index);
	ret |= of_property_read_string(node, RKMODULE_CAMERA_MODULE_FACING,
				       &gc13b0->module_facing);
	ret |= of_property_read_string(node, RKMODULE_CAMERA_MODULE_NAME,
				       &gc13b0->module_name);
	ret |= of_property_read_string(node, RKMODULE_CAMERA_LENS_NAME,
				       &gc13b0->len_name);
	if (ret)
		dev_err(dev, "could not get module information!\n");

	return ret;
}

static int gc13b0_find_modes(struct gc13b0 *gc13b0)
{
	int i, ret;
	u32 hdr_mode = 0;
	struct device_node *endpoint;
	struct device *dev = &gc13b0->client->dev;
	struct device_node *node = gc13b0->client->dev.of_node;

	ret = of_property_read_u32(node, OF_CAMERA_HDR_MODE, &hdr_mode);
	if (ret) {
		hdr_mode = NO_HDR;
		dev_warn(dev, "Get hdr mode failed! no hdr default\n");
	} else
		dev_warn(dev, "Get hdr mode OK! hdr_mode = %d\n", hdr_mode);

	endpoint = of_graph_get_next_endpoint(dev->of_node, NULL);
	if (!endpoint) {
		dev_err(dev, "Failed to get endpoint\n");
		return -EINVAL;
	}
	ret = v4l2_fwnode_endpoint_parse(of_fwnode_handle(endpoint),
					 &gc13b0->bus_cfg);
	of_node_put(endpoint);
	if (ret) {
		dev_err(dev, "Failed to get bus config\n");
		return -EINVAL;
	}

	if (gc13b0->bus_cfg.bus.mipi_csi2.num_data_lanes == 4) {
		gc13b0->supported_modes = supported_modes_4lane;
		gc13b0->cfg_num = ARRAY_SIZE(supported_modes_4lane);
		dev_info(dev, "Detect gc13b0 lane: %d\n",
			gc13b0->bus_cfg.bus.mipi_csi2.num_data_lanes);
	} else {
		gc13b0->supported_modes = supported_modes_2lane;
		gc13b0->cfg_num = ARRAY_SIZE(supported_modes_2lane);
		dev_info(dev, "Detect gc13b0 lane: %d\n",
			gc13b0->bus_cfg.bus.mipi_csi2.num_data_lanes);
	}

	/* default choose first mode */
	for (i = 0; i < gc13b0->cfg_num; i++) {
		if (hdr_mode == gc13b0->supported_modes[i].hdr_mode) {
			gc13b0->cur_mode = &gc13b0->supported_modes[i];
			break;
		}
	}

	if (i == gc13b0->cfg_num)
		gc13b0->cur_mode = &gc13b0->supported_modes[0];

	return 0;
}

static int gc13b0_setup_clocks_and_gpios(struct gc13b0 *gc13b0)
{
	struct device *dev = &gc13b0->client->dev;

	gc13b0->xvclk = devm_clk_get(dev, "xvclk");
	if (IS_ERR(gc13b0->xvclk)) {
		dev_err(dev, "Failed to get xvclk\n");
		return -EINVAL;
	}

	gc13b0->pwren_gpio = devm_gpiod_get(dev, "pwren",
					     gc13b0->is_thunderboot ? GPIOD_ASIS : GPIOD_OUT_LOW);
	if (IS_ERR(gc13b0->pwren_gpio))
		dev_warn(dev, "Failed to get pwren-gpios\n");

	gc13b0->reset_gpio = devm_gpiod_get(dev, "reset",
					     gc13b0->is_thunderboot ? GPIOD_ASIS : GPIOD_OUT_LOW);
	if (IS_ERR(gc13b0->reset_gpio))
		dev_warn(dev, "Failed to get reset-gpios\n");

	gc13b0->pwdn_gpio = devm_gpiod_get(dev, "pwdn",
					gc13b0->is_thunderboot ? GPIOD_ASIS : GPIOD_OUT_LOW);
	if (IS_ERR(gc13b0->pwdn_gpio))
		dev_warn(dev, "Failed to get pwdn-gpios\n");

		gc13b0->pinctrl = devm_pinctrl_get(dev);
	if (!IS_ERR(gc13b0->pinctrl)) {
		gc13b0->pins_default =
			pinctrl_lookup_state(gc13b0->pinctrl,
					     OF_CAMERA_PINCTRL_STATE_DEFAULT);
		if (IS_ERR(gc13b0->pins_default))
			dev_err(dev, "could not get default pinstate\n");

		gc13b0->pins_sleep =
			pinctrl_lookup_state(gc13b0->pinctrl,
					     OF_CAMERA_PINCTRL_STATE_SLEEP);
		if (IS_ERR(gc13b0->pins_sleep))
			dev_err(dev, "could not get sleep pinstate\n");
	} else {
		dev_err(dev, "no pinctrl\n");
	}

	return 0;
}

static int gc13b0_probe(struct i2c_client *client,
			const struct i2c_device_id *id)
{
	struct device *dev = &client->dev;
	struct gc13b0 *gc13b0;
	struct v4l2_subdev *sd;
	char facing[2];
	int ret;

	dev_info(dev, "driver version: %02x.%02x.%02x",
		 DRIVER_VERSION >> 16,
		 (DRIVER_VERSION & 0xff00) >> 8,
		 DRIVER_VERSION & 0x00ff);

	gc13b0 = devm_kzalloc(dev, sizeof(*gc13b0), GFP_KERNEL);
	if (!gc13b0)
		return -ENOMEM;

	gc13b0->is_thunderboot = IS_ENABLED(CONFIG_VIDEO_ROCKCHIP_THUNDER_BOOT_ISP);
	gc13b0->client = client;

	ret = gc13b0_read_module_info(gc13b0);
	if (ret) {
		dev_err(dev, "could not get module information!\n");
		return -EINVAL;
	}

	/* Set current mode based on HDR mode */
	ret = gc13b0_find_modes(gc13b0);
	if (ret) {
		dev_err(dev, "Failed to get modes!\n");
		return -EINVAL;
	}

	// gc13b0->cur_mode = &supported_modes[1];
	dev_err(dev, "cur mode: %d, %d, %d, %d\n",
		gc13b0->cur_mode->width,
		gc13b0->cur_mode->height,
		gc13b0->cur_mode->max_fps.numerator,
		gc13b0->cur_mode->max_fps.denominator);

	/* setup gc13b0 clock and gpios*/
	ret = gc13b0_setup_clocks_and_gpios(gc13b0);
	if (ret) {
		dev_err(dev, "Failed to set up clocks and GPIOs\n");
		return ret;
	}

	ret = gc13b0_configure_regulators(gc13b0);
	if (ret) {
		dev_err(dev, "Failed to get power regulators\n");
		return ret;
	}

	mutex_init(&gc13b0->mutex);

	sd = &gc13b0->subdev;
	v4l2_i2c_subdev_init(sd, client, &gc13b0_subdev_ops);
	ret = gc13b0_initialize_controls(gc13b0);
	if (ret)
		goto err_destroy_mutex;

	ret = __gc13b0_power_on(gc13b0);
	if (ret)
		goto err_free_handler;

	usleep_range(3000, 4000);

	ret = gc13b0_check_sensor_id(gc13b0, client);
	if (ret)
		goto err_power_off;

#ifdef CONFIG_VIDEO_V4L2_SUBDEV_API
	sd->internal_ops = &gc13b0_internal_ops;
	sd->flags |= V4L2_SUBDEV_FL_HAS_DEVNODE |
		     V4L2_SUBDEV_FL_HAS_EVENTS;
#endif
#if defined(CONFIG_MEDIA_CONTROLLER)
	gc13b0->pad.flags = MEDIA_PAD_FL_SOURCE;
	sd->entity.function = MEDIA_ENT_F_CAM_SENSOR;
	ret = media_entity_pads_init(&sd->entity, 1, &gc13b0->pad);
	if (ret < 0)
		goto err_power_off;
#endif

	if (!gc13b0->cam_sw_inf) {
		gc13b0->cam_sw_inf = cam_sw_init();
		cam_sw_clk_init(gc13b0->cam_sw_inf, gc13b0->xvclk, GC13B0_XVCLK_FREQ_24M);
		cam_sw_reset_pin_init(gc13b0->cam_sw_inf, gc13b0->reset_gpio, 0);
		cam_sw_pwdn_pin_init(gc13b0->cam_sw_inf, gc13b0->pwdn_gpio, 1);
	}

	memset(facing, 0, sizeof(facing));
	if (strcmp(gc13b0->module_facing, "back") == 0)
		facing[0] = 'b';
	else
		facing[0] = 'f';

	snprintf(sd->name, sizeof(sd->name), "m%02d_%s_%s %s",
		 gc13b0->module_index, facing,
		 GC13B0_NAME, dev_name(sd->dev));
	ret = v4l2_async_register_subdev_sensor_common(sd);
	if (ret) {
		dev_err(dev, "v4l2 async register subdev failed\n");
		goto err_clean_entity;
	}

	pm_runtime_set_active(dev);
	pm_runtime_enable(dev);
	if (gc13b0->is_thunderboot)
		pm_runtime_get_sync(dev);
	else
		pm_runtime_idle(dev);

	return 0;

err_clean_entity:
#if defined(CONFIG_MEDIA_CONTROLLER)
	media_entity_cleanup(&sd->entity);
#endif
err_power_off:
	__gc13b0_power_off(gc13b0);
err_free_handler:
	v4l2_ctrl_handler_free(&gc13b0->ctrl_handler);
err_destroy_mutex:
	mutex_destroy(&gc13b0->mutex);

	return ret;
}

static int gc13b0_remove(struct i2c_client *client)
{
	struct v4l2_subdev *sd = i2c_get_clientdata(client);
	struct gc13b0 *gc13b0 = to_gc13b0(sd);

	v4l2_async_unregister_subdev(sd);
#if defined(CONFIG_MEDIA_CONTROLLER)
	media_entity_cleanup(&sd->entity);
#endif
	v4l2_ctrl_handler_free(&gc13b0->ctrl_handler);
	mutex_destroy(&gc13b0->mutex);

	cam_sw_deinit(gc13b0->cam_sw_inf);

	pm_runtime_disable(&client->dev);
	if (!pm_runtime_status_suspended(&client->dev))
		__gc13b0_power_off(gc13b0);
	pm_runtime_set_suspended(&client->dev);

	return 0;
}

#if IS_ENABLED(CONFIG_OF)
static const struct of_device_id gc13b0_of_match[] = {
	{ .compatible = "galaxycore,gc13b0" },
	{},
};
MODULE_DEVICE_TABLE(of, gc13b0_of_match);
#endif

static const struct i2c_device_id gc13b0_match_id[] = {
	{ "galaxycore,gc13b0", 0 },
	{ },
};

static struct i2c_driver gc13b0_i2c_driver = {
	.driver = {
		.name = GC13B0_NAME,
		.pm = &gc13b0_pm_ops,
		.of_match_table = of_match_ptr(gc13b0_of_match),
	},
	.probe		= gc13b0_probe,
	.remove		= gc13b0_remove,
	.id_table	= gc13b0_match_id,
};

static int __init sensor_mod_init(void)
{
	return i2c_add_driver(&gc13b0_i2c_driver);
}

static void __exit sensor_mod_exit(void)
{
	i2c_del_driver(&gc13b0_i2c_driver);
}

device_initcall_sync(sensor_mod_init);
module_exit(sensor_mod_exit);

MODULE_DESCRIPTION("galaxycore gc13b0 sensor driver");
MODULE_LICENSE("GPL");
